description_barang,description,amount,recency_days,frequency,score_price,score_recency,score_freq,final_score
ACCU FB PREMIUM 35A,PT. EMPATI SUKSES BERKARYA,641000,24,1,1.56E-06,0.04,0.111111111,0.034223002
ACCU GS N70,JAYA ABADI MOTOR,1190000,102,1,8.40E-07,0.009708738,0.111111111,0.025135264
ACCU INCOE N70,JAYA ABADI MOTOR,1015000,141,2,9.85E-07,0.007042254,0.222222222,0.046557613
ACCU YUASA MF NS402L 35A,JAYA ABADI MOTOR,670000,63,1,1.49E-06,0.015625,0.111111111,0.026910468
ACCU ZUUR YUASA,METRO MOTOR,80000,50,1,1.25E-05,0.019607843,0.111111111,0.028110825
AIR ACCU,PT. EMPATI SUKSES BERKARYA,78000,172,1,1.28E-05,0.005780347,0.111111111,0.023962737
AIR ACCU YUASA,PT. EMPATI SUKSES BERKARYA,108000,172,1,9.26E-06,0.005780347,0.111111111,0.023960956
ANTING PER FUTURA,METRO MOTOR,75000,126,1,1.33E-05,0.007874016,0.111111111,0.024591094
ANTING PER FUTURA,PT. EMPATI SUKSES BERKARYA,150000,126,1,6.67E-06,0.007874016,0.111111111,0.02458776
ANTING PER GRANDMAX,JAYA ABADI MOTOR,170000,134,1,5.88E-06,0.007407407,0.111111111,0.024447386
ANTING PER GRANDMAX,PT. EMPATI SUKSES BERKARYA,150000,131,1,6.67E-06,0.007575758,0.111111111,0.024498283
ANTING PER RUBAHAN L300,JAYA ABADI MOTOR,320000,8,1,3.13E-06,0.111111111,0.111111111,0.055557118
AS RODA BLKG L300,PT. EMPATI SUKSES BERKARYA,935000,66,1,1.07E-06,0.014925373,0.111111111,0.026700369
AS RODA FUTURA,PT. EMPATI SUKSES BERKARYA,1300000,24,1,7.69E-07,0.04,0.111111111,0.034222607
B/M ASSY AGYA,JAYA ABADI MOTOR,520000,59,1,1.92E-06,0.016666667,0.111111111,0.027223184
B/M ASSY ALTIS,PT. EMPATI SUKSES BERKARYA,625000,40,1,1.60E-06,0.024390244,0.111111111,0.029540095
B/M ASSY AVANZA,JAYA ABADI MOTOR,435000,19,1,2.30E-06,0.05,0.111111111,0.037223372
B/M ASSY JAZZ,PT. EMPATI SUKSES BERKARYA,600000,21,1,1.67E-06,0.045454545,0.111111111,0.035859419
B/M ASSY TRAGA,PT. EMPATI SUKSES BERKARYA,565000,54,1,1.77E-06,0.018181818,0.111111111,0.027677653
B/P LINER L300,SAM ENGINE WORK,700000,52,2,1.43E-06,0.018867925,0.222222222,0.050105536
BALL JOINT ATAS INNOVA/HILUX,PT. EMPATI SUKSES BERKARYA,352000,175,1,2.84E-06,0.005681818,0.111111111,0.023928188
BALL JOINT ATAS L300,JAYA RAYA MOBIL,340000,138,1,2.94E-06,0.007194245,0.111111111,0.024381966
BALL JOINT ATAS L300,PT. EMPATI SUKSES BERKARYA,580000,189,1,1.72E-06,0.005263158,0.111111111,0.023802032
BALL JOINT AVANZA/XENIA,JAYA ABADI MOTOR,85000,19,2,1.18E-05,0.05,0.222222222,0.059450327
BALL JOINT AVANZA/XENIA,PT. EMPATI SUKSES BERKARYA,330000,189,1,3.03E-06,0.005263158,0.111111111,0.023802685
BALL JOINT BAWAH L300,PT. EMPATI SUKSES BERKARYA,780000,189,1,1.28E-06,0.005263158,0.111111111,0.023801811
BALL JOINT GRANDMAX,PT. EMPATI SUKSES BERKARYA,180000,131,3,5.56E-06,0.007575758,0.333333333,0.068942172
BALL JOINT MOBILIO,PT. EMPATI SUKSES BERKARYA,125000,176,1,8.00E-06,0.005649718,0.111111111,0.023921137
BALL JOINT XPANDER,PT. EMPATI SUKSES BERKARYA,150000,170,1,6.67E-06,0.005847953,0.111111111,0.023979942
BAN LUAR 185/80 R14 ECOTEC,SURYA JAYA BAN,1310000,19,1,7.63E-07,0.05,0.111111111,0.037222604
BAN LUAR RADIAL 185 R14 MAXMILER PRO,SURYA JAYA BAN,3260000,19,2,3.07E-07,0.05,0.222222222,0.059444598
BAN LUAR RADIAL 195 R14 MAXMILER PRO,SURYA JAYA BAN,1870000,19,2,5.35E-07,0.05,0.222222222,0.059444712
BAUT 10,MITRA BAUT,10000,85,1,0.0001,0.011627907,0.111111111,0.025760594
"BAUT BMH 14X1,5X30",UD SINAR BAUT,11000,159,1,9.09E-05,0.00625,0.111111111,0.024142677
BAUT HEAD XENIA 1.0,PT. EMPATI SUKSES BERKARYA,40000,151,1,2.50E-05,0.006578947,0.111111111,0.024208406
BAUT LOWER ARM L300,76 MOTOR,30000,171,1,3.33E-05,0.005813953,0.111111111,0.023983075
BAUT MUR BAJA 10X35,MITRA BAUT,10000,50,1,0.0001,0.019607843,0.111111111,0.028154575
BAUT MUR BAJA 10X35,UD SINAR BAUT,48000,46,1,2.08E-05,0.021276596,0.111111111,0.028615618
BAUT RODA JAZZ,76 MOTOR,20000,61,1,5.00E-05,0.016129032,0.111111111,0.027085932
BAUT RODA L300,JAYA ABADI MOTOR,160000,122,1,6.25E-06,0.008130081,0.111111111,0.024664372
BAUT RODA MOBILIO,76 MOTOR,30000,61,1,3.33E-05,0.016129032,0.111111111,0.027077599
BAUT RODA PS125,76 MOTOR,80000,86,1,1.25E-05,0.011494253,0.111111111,0.025676748
BAUT RODA RUSH,JAYA ABADI MOTOR,23000,131,1,4.35E-05,0.007575758,0.111111111,0.024516689
BAUT RODA SIGRA,JAYA ABADI MOTOR,25000,173,1,4.00E-05,0.005747126,0.111111111,0.02396636
BAUT TAP 14,UD SINAR BAUT,20000,117,2,5.00E-05,0.008474576,0.222222222,0.047011817
BAUT TAP OLI,UD SINAR BAUT,25000,75,1,4.00E-05,0.013157895,0.111111111,0.026189591
BEARING 16004,ANDINDO SAMARINDA,32000,52,1,3.13E-05,0.018867925,0.111111111,0.027898225
BEARING 30306,JAYA MUNCUL MOBIL,150000,77,1,6.67E-06,0.012820513,0.111111111,0.026071709
BEARING 30BG5220,ANDINDO SAMARINDA,150000,2,1,6.67E-06,0.333333333,0.111111111,0.122225556
BEARING 32213JR,ANDINDO SAMARINDA,552000,108,1,1.81E-06,0.009174312,0.111111111,0.024975422
BEARING 32307,ANDINDO SAMARINDA,158000,77,1,6.33E-06,0.012820513,0.111111111,0.026071541
BEARING 6002,PT. EMPATI SUKSES BERKARYA,25000,106,1,4.00E-05,0.009345794,0.111111111,0.025045961
BEARING 6002,PT. SAMEKARINDO INDAH,39000,164,1,2.56E-05,0.006060606,0.111111111,0.024053225
BEARING 608,METRO MOTOR,25000,33,1,4.00E-05,0.029411765,0.111111111,0.031065752
BEARING 608,PT. EMPATI SUKSES BERKARYA,15000,24,1,6.67E-05,0.04,0.111111111,0.034255556
BEARING 6205,RIYA MOTOR,40000,94,1,2.50E-05,0.010526316,0.111111111,0.025392617
BEARING 6301,76 MOTOR,40000,147,1,2.50E-05,0.006756757,0.111111111,0.024261749
BEARING 6301,PT. EMPATI SUKSES BERKARYA,20000,109,1,5.00E-05,0.009090909,0.111111111,0.024974495
BEARING 6310,RIYA MOTOR,140000,94,1,7.14E-06,0.010526316,0.111111111,0.025383688
BEARING CONES APV,PT. EMPATI SUKSES BERKARYA,70000,150,1,1.43E-05,0.006622517,0.111111111,0.02421612
BEARING GANTUNG TERRANO,PT. EMPATI SUKSES BERKARYA,475000,197,1,2.11E-06,0.005050505,0.111111111,0.023738426
BEARING GARDAN HM88649/10,ANDINDO SAMARINDA,320345,149,1,3.12E-06,0.006666667,0.111111111,0.024223783
BEARING GARDAN M86649/10,ANDINDO SAMARINDA,127315,149,1,7.85E-06,0.006666667,0.111111111,0.024226149
BEARING HK1012,ANDINDO SAMARINDA,35000,60,1,2.86E-05,0.016393443,0.111111111,0.027154541
BEARING HK1210,ANDINDO SAMARINDA,35000,63,1,2.86E-05,0.015625,0.111111111,0.026924008
BEARING KOPLING APV,PT. EMPATI SUKSES BERKARYA,165000,109,1,6.06E-06,0.009090909,0.111111111,0.024952525
BEARING KOPLING APV,PT. SAMEKARINDO INDAH,130000,164,1,7.69E-06,0.006060606,0.111111111,0.02404425
BEARING KOPLING AVZ/XENIA 1.3,PT. EMPATI SUKSES BERKARYA,225000,56,2,4.44E-06,0.01754386,0.222222222,0.049709825
BEARING KOPLING CANTER 125,PT. EMPATI SUKSES BERKARYA,360000,151,1,2.78E-06,0.006578947,0.111111111,0.024197295
BEARING KOPLING ISUZU TRAGA,PT. EMPATI SUKSES BERKARYA,210000,70,1,4.76E-06,0.014084507,0.111111111,0.026449955
BEARING KOPLING L300,PT. EMPATI SUKSES BERKARYA,190000,11,2,5.26E-06,0.083333333,0.222222222,0.069447076
BEARING KOPLING NEW CARRY,JAYA ABADI MOTOR,165000,191,1,6.06E-06,0.005208333,0.111111111,0.023787753
BEARING KOPLING PS120,PT. EMPATI SUKSES BERKARYA,310000,157,1,3.23E-06,0.006329114,0.111111111,0.024122569
BEARING LM501349/10,ANDINDO SAMARINDA,97015,149,1,1.03E-05,0.006666667,0.111111111,0.024227376
BEARING LM501349/10,PT. EMPATI SUKSES BERKARYA,125000,149,1,8.00E-06,0.006666667,0.111111111,0.024226222
BEARING LM501349/14,PT. EMPATI SUKSES BERKARYA,150000,148,1,6.67E-06,0.006711409,0.111111111,0.024238978
BEARING NF210,RIYA MOTOR,145000,94,1,6.90E-06,0.010526316,0.111111111,0.025383565
BEARING RD BLKG AVANZA,PT. EMPATI SUKSES BERKARYA,200000,46,1,5.00E-06,0.021276596,0.111111111,0.028607701
BEARING RD BLKG DLM PS,JAYA ABADI MOTOR,200000,141,1,5.00E-06,0.007042254,0.111111111,0.024337398
BEARING RD BLKG FUTURA,JAYA MUNCUL MOBIL,170000,25,1,5.88E-06,0.038461538,0.111111111,0.033763625
BEARING RD BLKNG GRANDMAX,JAYA RAYA MOBIL,100000,142,1,1.00E-05,0.006993007,0.111111111,0.024325124
BEARING RD BLKNG GRANDMAX (A),DAIHATSU DEALER,400000,113,1,2.50E-06,0.00877193,0.111111111,0.024855051
BEARING RD BLKNG GRANDMAX (A),PT. EMPATI SUKSES BERKARYA,350000,9,1,2.86E-06,0.1,0.111111111,0.052223651
BEARING RD DPN LIVINA,PT. EMPATI SUKSES BERKARYA,450000,117,1,2.22E-06,0.008474576,0.111111111,0.024765706
BEARING RD DPN MIRAGE,MEGAH JAYA MOTOR,275000,112,1,3.64E-06,0.008849558,0.111111111,0.024878908
BEARING RD DPN TRITON JP,JAYA ABADI MOTOR,550000,35,1,1.82E-06,0.027777778,0.111111111,0.030556465
BEARING RD DPN YARIS,PT. EMPATI SUKSES BERKARYA,300000,126,1,3.33E-06,0.007874016,0.111111111,0.024586094
BEARING RODA BELAKANG L300,JAYA ABADI MOTOR,170000,45,1,5.88E-06,0.02173913,0.111111111,0.028746903
BEARING RODA BLKNG APV,PT. EMPATI SUKSES BERKARYA,220000,150,1,4.55E-06,0.006622517,0.111111111,0.02421125
BEARING RODA DPN APV,JAYA ABADI MOTOR,340000,108,2,2.94E-06,0.009174312,0.222222222,0.047198209
BEARING RODA DPN AVANZA ALL NEW,JAYA ABADI MOTOR,420000,52,1,2.38E-06,0.018867925,0.111111111,0.02788379
BEARING RODA DPN AVANZA ALL NEW,PT. EMPATI SUKSES BERKARYA,285000,112,1,3.51E-06,0.008849558,0.111111111,0.024878844
BEARING RODA DPN AVANZA LAMA,PT. EMPATI SUKSES BERKARYA,265000,24,2,3.77E-06,0.04,0.222222222,0.056446331
BEARING RODA DPN GRAND MAX,JAYA ABADI MOTOR,210000,140,1,4.76E-06,0.007092199,0.111111111,0.024352263
BEARING RODA DPN GRANDMAX ( A ),JAYA ABADI MOTOR,315000,85,1,3.17E-06,0.011627907,0.111111111,0.025712182
BEARING RODA DPN GRANDMAX ( A ),PT. EMPATI SUKSES BERKARYA,1200000,82,2,8.33E-07,0.012048193,0.222222222,0.048059319
BEARING RODA DPN RUSH,JAYA ABADI MOTOR,210000,200,1,4.76E-06,0.004975124,0.111111111,0.02371714
BEARING TENSIONER APV,PT. EMPATI SUKSES BERKARYA,125000,149,2,8.00E-06,0.006666667,0.222222222,0.046448444
BELL CRANK L300,PT. EMPATI SUKSES BERKARYA,300000,148,1,3.33E-06,0.006711409,0.111111111,0.024237312
BENDIG DINAMO STARTER L300,PT. EMPATI SUKSES BERKARYA,95000,157,1,1.05E-05,0.006329114,0.111111111,0.02412622
BENDIG STARTER FUTURA,JAYA ABADI MOTOR,75000,183,1,1.33E-05,0.005434783,0.111111111,0.023859324
BENDIG STARTER FUTURA,PT. EMPATI SUKSES BERKARYA,85000,0,1,1.18E-05,1,0.111111111,0.322228105
BENSIN ,WARUNG DAENG,65000,57,6,1.54E-05,0.017241379,0.666666667,0.138513439
BLOWER BRUSH RAGASA,JAYA MUNCUL MOBIL,50000,83,1,2.00E-05,0.011904762,0.111111111,0.025803651
BOLA LAMPU H16 12V,JAYA ABADI MOTOR,150000,79,1,6.67E-06,0.0125,0.111111111,0.025975556
BOLA LAMPU H4 60/55,JAYA ABADI MOTOR,50000,79,1,2.00E-05,0.0125,0.111111111,0.025982222
BOLA LAMPU K1 12V,PT. EMPATI SUKSES BERKARYA,25000,29,1,4.00E-05,0.033333333,0.111111111,0.032242222
BOLA LAMPU K2 12V,JAYA ABADI MOTOR,45000,191,1,2.22E-05,0.005208333,0.111111111,0.023795833
BOLA LAMPU K2 12V,PT. EMPATI SUKSES BERKARYA,25000,29,1,4.00E-05,0.033333333,0.111111111,0.032242222
BONGKAR PASANG BAN,ADHIE AGAS BAN,20000,139,1,5.00E-05,0.007142857,0.111111111,0.024390079
BOOSTER REM PANTHER,JAYA ABADI MOTOR,485000,37,1,2.06E-06,0.026315789,0.111111111,0.03011799
BOOSTER TERRANO,PT. EMPATI SUKSES BERKARYA,1350000,112,1,7.41E-07,0.008849558,0.111111111,0.02487746
BOOT AS RODA DLM TRITON,METRO MOTOR,45000,37,1,2.22E-05,0.026315789,0.111111111,0.03012807
BOOT DRIVE SHAFT HILUX,PT. EMPATI SUKSES BERKARYA,110000,199,1,9.09E-06,0.005,0.111111111,0.023726768
BOOT KOPLING APV,PT. SAMEKARINDO INDAH,23000,164,1,4.35E-05,0.006060606,0.111111111,0.024062143
BUBUT CAKRAM,BENGKEL WAWAN,200000,123,2,5.00E-06,0.008064516,0.222222222,0.046866299
BUBUT CRANKSHAFT,SAM ENGINE WORK,630000,56,1,1.59E-06,0.01754386,0.111111111,0.027486174
BUSHING  ARM ATAS PANTHER,PT. EMPATI SUKSES BERKARYA,180000,74,1,5.56E-06,0.013333333,0.111111111,0.026225
BUSHING ARM BLKG GRANDMAX,METRO MOTOR,130000,50,1,7.69E-06,0.019607843,0.111111111,0.028108421
BUSHING ARM BSR DPN MOBILIO,PT. EMPATI SUKSES BERKARYA,150000,176,1,6.67E-06,0.005649718,0.111111111,0.023920471
BUSHING ARM BSR GRANDMAX,PT. EMPATI SUKSES BERKARYA,165000,198,2,6.06E-06,0.005025126,0.222222222,0.045955012
BUSHING ARM GRAND MAX,PT. EMPATI SUKSES BERKARYA,87500,131,3,1.14E-05,0.007575758,0.333333333,0.068945108
BUSHING CENTER ARM CARRY,76 MOTOR,80000,44,3,1.25E-05,0.022222222,0.333333333,0.073339583
BUSHING GROMMET STEER AVANZA,76 MOTOR,100000,133,1,1.00E-05,0.007462687,0.111111111,0.024466028
BUSHING GROMMET STEER GRANDMAX,METRO MOTOR,70000,126,1,1.43E-05,0.007874016,0.111111111,0.02459157
BUSHING GROMMET STEER GRANDMAX,PT. EMPATI SUKSES BERKARYA,50000,9,3,2.00E-05,0.1,0.333333333,0.096676667
BUSHING IDLER ARM L300,PT. EMPATI SUKSES BERKARYA,80000,148,1,1.25E-05,0.006711409,0.111111111,0.024241895
BUSHING LOWER ARM BLKNG BSR GRANDMAX,JAYA RAYA MOBIL,150000,91,1,6.67E-06,0.010869565,0.111111111,0.025486425
BUSHING LOWER ARM BWH L300,76 MOTOR,60000,171,1,1.67E-05,0.005813953,0.111111111,0.023974742
BUSHING SHOCK KECIL AVANZA,PT. EMPATI SUKSES BERKARYA,35000,45,1,2.86E-05,0.02173913,0.111111111,0.028758247
BUSHING STABILIZER BLKNG INNOVA,PT. EMPATI SUKSES BERKARYA,45000,175,1,2.22E-05,0.005681818,0.111111111,0.023937879
BUSHING STEER,MEGAH JAYA MOTOR,120000,85,1,8.33E-06,0.011627907,0.111111111,0.025714761
BUSHING STEER GRANDMAX,METRO MOTOR,45000,199,1,2.22E-05,0.005,0.111111111,0.023733333
BUSHING STEER GRANDMAX,PT. EMPATI SUKSES BERKARYA,30000,190,1,3.33E-05,0.005235602,0.111111111,0.02380957
BUSHING STEER NEW RUSH,PT. EMPATI SUKSES BERKARYA,65000,11,2,1.54E-05,0.083333333,0.222222222,0.069452137
BUSHING STEER SIGRA,76 MOTOR,60000,42,1,1.67E-05,0.023255814,0.111111111,0.0292073
BUSI DENSO IRIDIUM,JAYA ABADI MOTOR,360000,40,1,2.78E-06,0.024390244,0.111111111,0.029540684
BUSI DENSO K20HR-U11,JAYA ABADI MOTOR,54000,113,1,1.85E-05,0.00877193,0.111111111,0.02486306
BUSI DENSO K20HR-U11,PT. EMPATI SUKSES BERKARYA,175000,157,1,5.71E-06,0.006329114,0.111111111,0.024123814
BUSI DENSO XU22PR9,JAYA ABADI MOTOR,275000,110,1,3.64E-06,0.009009009,0.111111111,0.024926743
BUSI PEMANAS L300,JAYA ABADI MOTOR,220000,85,1,4.55E-06,0.011627907,0.111111111,0.025712867
C/M ASSY ATAS L300,PT. EMPATI SUKSES BERKARYA,325000,119,1,3.08E-06,0.008333333,0.111111111,0.024723761
C/M ASSY DUTRO,JAYA ABADI MOTOR,165000,133,1,6.06E-06,0.007462687,0.111111111,0.024464058
CASTROL MAGNATEC 10/40 4L,JAYA RAYA MOBIL,376000,142,1,2.66E-06,0.006993007,0.111111111,0.024321454
CASTROL MAGNETEC 10/40 1L,JAYA RAYA MOBIL,99000,142,1,1.01E-05,0.006993007,0.111111111,0.024325175
CATRIDGE TURBO PANTHER,PT. EMPATI SUKSES BERKARYA,1200000,81,1,8.33E-07,0.012195122,0.111111111,0.025881175
CEK KAKI-KAKI KOMPUTER,ADHIE AGAS BAN,255000,127,1,3.92E-06,0.0078125,0.111111111,0.024567933
CENTER PIES AVANZA,SENTOSA TEKNIK,275000,2,1,3.64E-06,0.333333333,0.111111111,0.12222404
CENTRAL LOCK P/WINDOW APV,PT. EMPATI SUKSES BERKARYA,350000,131,1,2.86E-06,0.007575758,0.111111111,0.024496378
COIL GRAND MAX,JAYA ABADI MOTOR,550000,138,1,1.82E-06,0.007194245,0.111111111,0.024381405
COIL SPRING AYLA/AGYA,PT. EMPATI SUKSES BERKARYA,420000,10,1,2.38E-06,0.090909091,0.111111111,0.04949614
COIL SPRING BLKNG GRANDMAX,PT. EMPATI SUKSES BERKARYA,550000,33,1,1.82E-06,0.029411765,0.111111111,0.031046661
COIL SPRING GRAND MAX,PT. EMPATI SUKSES BERKARYA,275000,123,1,3.64E-06,0.008064516,0.111111111,0.024643395
CONES FUTURA,PT. EMPATI SUKSES BERKARYA,50000,25,1,2.00E-05,0.038461538,0.111111111,0.033770684
CONES GRANDMAX,JAYA RAYA MOBIL,25000,142,1,4.00E-05,0.006993007,0.111111111,0.024340124
CONES GRANDMAX,PT. EMPATI SUKSES BERKARYA,150000,113,1,6.67E-06,0.00877193,0.111111111,0.024857135
CONES GRANDMAX ASLI,PT. EMPATI SUKSES BERKARYA,175000,9,1,5.71E-06,0.1,0.111111111,0.052225079
COOLANT RADIATOR,PT. EMPATI SUKSES BERKARYA,154000,9,5,6.49E-06,0.1,0.555555556,0.141114358
COVER DEPAN DONG FENG 8PK,RIYA MOTOR,195000,95,1,5.13E-06,0.010416667,0.111111111,0.025349786
CRANKSHAFT DONG FENG 8PK,RIYA MOTOR,390000,94,1,2.56E-06,0.010526316,0.111111111,0.025381399
CROSS JOINT AVANZA/XENIA,JAYA ABADI MOTOR,250000,123,1,4.00E-06,0.008064516,0.111111111,0.024643577
CROSS JOINT GRANDMAX,JAYA ABADI MOTOR,250000,75,1,4.00E-06,0.013157895,0.111111111,0.026171591
CROSS JOINT GRANDMAX,PT. EMPATI SUKSES BERKARYA,150000,52,1,6.67E-06,0.018867925,0.111111111,0.027885933
CROSS JOINT INNOVA,METRO MOTOR,175000,65,1,5.71E-06,0.015151515,0.111111111,0.026770534
CROSS JOINT TERRANO,PT. EMPATI SUKSES BERKARYA,125000,157,2,8.00E-06,0.006329114,0.222222222,0.046347179
CUCI MOBIL,PENCUCIAN MOBIL,60000,150,1,1.67E-05,0.006622517,0.111111111,0.024217311
CYLINDER HEAD NEW L300,PT. EMPATI SUKSES BERKARYA,4500000,119,1,2.22E-07,0.008333333,0.111111111,0.024722333
DINAMO AIR WIPER AVANZA,76 MOTOR,120000,89,1,8.33E-06,0.011111111,0.111111111,0.025559722
DINAMO AIR WIPER AVANZA,JAYA ABADI MOTOR,65000,89,1,1.54E-05,0.011111111,0.111111111,0.025563248
DINAMO AIR WIPER AVANZA,PT. EMPATI SUKSES BERKARYA,65000,87,1,1.54E-05,0.011363636,0.111111111,0.025639005
DISC BRAKE DPN APV,PT. EMPATI SUKSES BERKARYA,500000,119,1,2.00E-06,0.008333333,0.111111111,0.024723222
DISC BRAKE FUTURA,PT. EMPATI SUKSES BERKARYA,530000,25,1,1.89E-06,0.038461538,0.111111111,0.033761627
DISC BRAKE HILUX REVO,PT. EMPATI SUKSES BERKARYA,450000,37,1,2.22E-06,0.026315789,0.111111111,0.03011807
DRAG LINK CANTER,PT. EMPATI SUKSES BERKARYA,1050000,23,1,9.52E-07,0.041666667,0.111111111,0.034722698
DRIVE SHAFT CALYA,PT. EMPATI SUKSES BERKARYA,1250000,203,1,8.00E-07,0.004901961,0.111111111,0.02369321
DUDUKAN ACCU ,PT. EMPATI SUKSES BERKARYA,70000,182,1,1.43E-05,0.005464481,0.111111111,0.023868709
ENGINE FLUSH PRESTONE,PT. EMPATI SUKSES BERKARYA,50000,32,1,2.00E-05,0.03030303,0.111111111,0.031323131
"ENGINE MOUNTING CARRY 1,5",PT. EMPATI SUKSES BERKARYA,55000,162,1,1.82E-05,0.006134969,0.111111111,0.024071804
ENGINE MOUNTING GRANMAX,PT. EMPATI SUKSES BERKARYA,490000,198,1,2.04E-06,0.005025126,0.111111111,0.02373078
FAN BELT 4PK785 TARUNA,76 MOTOR,70000,52,1,1.43E-05,0.018867925,0.111111111,0.027889742
FAN BELT ALTENATOR L300,76 MOTOR,90000,59,2,1.11E-05,0.016666667,0.222222222,0.04945
FAN BELT MANUAL GRAND MAX 1.3,JAYA ABADI MOTOR,75000,105,1,1.33E-05,0.009433962,0.111111111,0.025059078
FAN BELT PS,76 MOTOR,65000,2,2,1.54E-05,0.333333333,0.222222222,0.144452137
FAN BELT PS,PT. EMPATI SUKSES BERKARYA,55000,11,1,1.82E-05,0.083333333,0.111111111,0.047231313
FAN BELT TRAGA SHORT,PT. EMPATI SUKSES BERKARYA,45000,126,1,2.22E-05,0.007874016,0.111111111,0.024595538
FANBELT 3PK625,PT. EMPATI SUKSES BERKARYA,40000,154,1,2.50E-05,0.006451613,0.111111111,0.024170206
FANBELT 4PK715 XENIA 1.0,PT. EMPATI SUKSES BERKARYA,40000,154,1,2.50E-05,0.006451613,0.111111111,0.024170206
FANBELT 4PK820,PT. EMPATI SUKSES BERKARYA,95000,17,1,1.05E-05,0.055555556,0.111111111,0.038894152
FANBELT 5PK992 NEW CARRY,PT. EMPATI SUKSES BERKARYA,55000,74,1,1.82E-05,0.013333333,0.111111111,0.026231313
FANBELT 7PK1750,PT. EMPATI SUKSES BERKARYA,295000,17,1,3.39E-06,0.055555556,0.111111111,0.038890584
FANBELT A31,76 MOTOR,45000,136,1,2.22E-05,0.00729927,0.111111111,0.024423114
FANBELT A63,SUMBER MAS,130000,81,1,7.69E-06,0.012195122,0.111111111,0.025884605
FANBELT B42,76 MOTOR,85000,137,1,1.18E-05,0.007246377,0.111111111,0.024402018
FANBELT B42,JAYA ABADI MOTOR,60000,136,1,1.67E-05,0.00729927,0.111111111,0.024420337
FANBELT FM27.5,PT. EMPATI SUKSES BERKARYA,28000,154,1,3.57E-05,0.006451613,0.111111111,0.024175563
FANBELT INNOVA 7PK2300,PT. EMPATI SUKSES BERKARYA,185000,156,1,5.41E-06,0.006369427,0.111111111,0.024135753
FANBELT RUSH (A),76 MOTOR,140000,0,1,7.14E-06,1,0.111111111,0.322225794
"FASTRON ECOGREEN 3,5LTR",PT. EMPATI SUKSES BERKARYA,1086000,56,2,9.21E-07,0.01754386,0.222222222,0.049708063
FASTRON TECHNO 4LTR,JAYA ABADI MOTOR,520000,196,1,1.92E-06,0.005076142,0.111111111,0.023746026
FASTRON TECHNO 4LTR,PT. EMPATI SUKSES BERKARYA,1527000,56,3,6.55E-07,0.01754386,0.333333333,0.071930152
FEUL PUMP INNOVA,PT. EMPATI SUKSES BERKARYA,375000,57,1,2.67E-06,0.017241379,0.111111111,0.027395969
FILTER AC SIGRA,JAYA ABADI MOTOR,43000,40,1,2.33E-05,0.024390244,0.111111111,0.029550923
FILTER AC YARIS,76 MOTOR,80000,114,1,1.25E-05,0.008695652,0.111111111,0.024837168
FILTER BENSIN CARRY,JAYA ABADI MOTOR,75000,192,1,1.33E-05,0.005181347,0.111111111,0.023783293
FILTER CANISTER CARRY,JAYA RAYA MOBIL,650000,191,1,1.54E-06,0.005208333,0.111111111,0.023785491
FILTER MINYAK INNOVA,JAYA ABADI MOTOR,35000,83,1,2.86E-05,0.011904762,0.111111111,0.025807937
FILTER OLI APV,JAYA ABADI MOTOR,144000,124,1,6.94E-06,0.008,0.111111111,0.024625694
FILTER OLI APV,PT. EMPATI SUKSES BERKARYA,150000,36,2,6.67E-06,0.027027027,0.222222222,0.052555886
FILTER OLI AVANZA / XENIA,JAYA ABADI MOTOR,100000,102,1,1.00E-05,0.009708738,0.111111111,0.025139844
FILTER OLI AVANZA / XENIA,PT. EMPATI SUKSES BERKARYA,450000,40,4,2.22E-06,0.024390244,0.444444444,0.096207073
FILTER OLI AVEGA,PT. EMPATI SUKSES BERKARYA,45000,32,1,2.22E-05,0.03030303,0.111111111,0.031324242
FILTER OLI CANTER ORI,PT. EMPATI SUKSES BERKARYA,630000,56,1,1.59E-06,0.01754386,0.111111111,0.027486174
FILTER OLI COLT120SS,76 MOTOR,40000,32,1,2.50E-05,0.03030303,0.111111111,0.031325631
FILTER OLI DONG FENG,RIYA MOTOR,15000,94,1,6.67E-05,0.010526316,0.111111111,0.02541345
FILTER OLI INNOVA,JAYA ABADI MOTOR,28000,65,1,3.57E-05,0.015151515,0.111111111,0.026785534
FILTER OLI INNOVA,JAYA RAYA MOBIL,44000,142,1,2.27E-05,0.006993007,0.111111111,0.024331488
FILTER OLI JAZZ/FREED,JAYA ABADI MOTOR,140000,37,1,7.14E-06,0.026315789,0.111111111,0.03012053
FILTER OLI JAZZ/FREED,PT. EMPATI SUKSES BERKARYA,100000,189,1,1.00E-05,0.005263158,0.111111111,0.02380617
FILTER OLI L300 ASLI,PT. EMPATI SUKSES BERKARYA,1001000,189,1,9.99E-07,0.005263158,0.111111111,0.023801669
FILTER OLI LIVINA,JAYA ABADI MOTOR,30000,7,1,3.33E-05,0.125,0.111111111,0.059738889
FILTER OLI MARCH,JAYA RAYA MOBIL,50000,56,1,2.00E-05,0.01754386,0.111111111,0.02749538
FILTER OLI TERRANO,MEGAH JAYA MOTOR,85000,7,1,1.18E-05,0.125,0.111111111,0.059728105
FILTER OLI TRAGA,JAYA ABADI MOTOR,195000,177,1,5.13E-06,0.005617978,0.111111111,0.02391018
FILTER OLI TRAGA,PT. EMPATI SUKSES BERKARYA,210000,99,1,4.76E-06,0.01,0.111111111,0.025224603
FILTER OLI TRITON,76 MOTOR,130000,1,1,7.69E-06,0.5,0.111111111,0.172226068
FILTER OLI WULING,76 MOTOR,55000,91,1,1.82E-05,0.010869565,0.111111111,0.025492183
FILTER OLI X TRAIL,76 MOTOR,40000,91,1,2.50E-05,0.010869565,0.111111111,0.025495592
FILTER OLI YARIS/VIOS,76 MOTOR,40000,26,1,2.50E-05,0.037037037,0.111111111,0.033345833
FILTER OLI YARIS/VIOS,JAYA ABADI MOTOR,25000,61,1,4.00E-05,0.016129032,0.111111111,0.027080932
FILTER OLI YARIS/VIOS,SINAR MAJU,35000,61,1,2.86E-05,0.016129032,0.111111111,0.027075218
FILTER SOLAR ATAS PS,PT. EMPATI SUKSES BERKARYA,41000,11,2,2.44E-05,0.083333333,0.222222222,0.06945664
FILTER SOLAR BWH CANTER EURO 4,76 MOTOR,200000,42,1,5.00E-06,0.023255814,0.111111111,0.029201466
FILTER SOLAR BWH DYNA,76 MOTOR,85000,39,1,1.18E-05,0.025,0.111111111,0.029728105
FILTER SOLAR HILUX REVO,76 MOTOR,135000,151,1,7.41E-06,0.006578947,0.111111111,0.02419961
FILTER SOLAR HILUX REVO,PT. EMPATI SUKSES BERKARYA,125000,88,1,8.00E-06,0.011235955,0.111111111,0.025597009
FILTER SOLAR L300 (A),PT. EMPATI SUKSES BERKARYA,540000,56,3,1.85E-06,0.01754386,0.333333333,0.07193075
FILTER SOLAR PANTHER,76 MOTOR,40000,166,1,2.50E-05,0.005988024,0.111111111,0.024031129
FILTER SOLAR PANTHER,PT. EMPATI SUKSES BERKARYA,70000,156,1,1.43E-05,0.006369427,0.111111111,0.024140193
FILTER UDARA AGYA/AYLA 1.0,PT. EMPATI SUKSES BERKARYA,160000,119,1,6.25E-06,0.008333333,0.111111111,0.024725347
FILTER UDARA AGYA/AYLA 1.2,PT. EMPATI SUKSES BERKARYA,280000,119,1,3.57E-06,0.008333333,0.111111111,0.024724008
FILTER UDARA CALYA/SIGRA,76 MOTOR,90000,134,1,1.11E-05,0.007407407,0.111111111,0.02445
FILTER UDARA CALYA/SIGRA,JAYA ABADI MOTOR,85000,161,1,1.18E-05,0.00617284,0.111111111,0.024079956
FILTER UDARA CALYA/SIGRA,PT. EMPATI SUKSES BERKARYA,160000,36,2,6.25E-06,0.027027027,0.222222222,0.052555678
FILTER UDARA CANTER,JAYA ABADI MOTOR,178000,59,2,5.62E-06,0.016666667,0.222222222,0.049447253
FILTER UDARA CANTER,PT. EMPATI SUKSES BERKARYA,376000,56,1,2.66E-06,0.01754386,0.111111111,0.02748671
FILTER UDARA DATSUN,PT. EMPATI SUKSES BERKARYA,75000,113,1,1.33E-05,0.00877193,0.111111111,0.024860468
FILTER UDARA GRAND MAX,JAYA ABADI MOTOR,200000,191,1,5.00E-06,0.005208333,0.111111111,0.023787222
FILTER UDARA GRAND MAX,PT. EMPATI SUKSES BERKARYA,135000,25,2,7.41E-06,0.038461538,0.222222222,0.05598661
FILTER UDARA INNOVA,PT. EMPATI SUKSES BERKARYA,110000,81,1,9.09E-06,0.012195122,0.111111111,0.025885304
FILTER UDARA L300,76 MOTOR,125000,59,1,8.00E-06,0.016666667,0.111111111,0.027226222
FILTER UDARA L300,PT. EMPATI SUKSES BERKARYA,224000,36,2,4.46E-06,0.027027027,0.222222222,0.052554785
FILTER UDARA PS120,PT. EMPATI SUKSES BERKARYA,85000,157,1,1.18E-05,0.006329114,0.111111111,0.024126839
FILTER UDARA YARIS,76 MOTOR,205000,26,1,4.88E-06,0.037037037,0.111111111,0.033335772
FILTER WATER SEPARATOR CANTER,76 MOTOR,185000,84,1,5.41E-06,0.011764706,0.111111111,0.025754337
FLANGE JOINT GRAND MAX,PT. EMPATI SUKSES BERKARYA,165000,136,1,6.06E-06,0.00729927,0.111111111,0.024415034
FLANGE JOINT L300,PT. EMPATI SUKSES BERKARYA,125000,117,1,8.00E-06,0.008474576,0.111111111,0.024768595
FLANGE PINION L300,76 MOTOR,100000,117,1,1.00E-05,0.008474576,0.111111111,0.024769595
FLASHER RETING L300,JAYA ABADI MOTOR,80000,85,1,1.25E-05,0.011627907,0.111111111,0.025716844
GARPU KOPLING L300,76 MOTOR,150000,11,1,6.67E-06,0.083333333,0.111111111,0.047225556
GARPU KOPLING L300,JAYA MUNCUL MOBIL,200000,46,1,5.00E-06,0.021276596,0.111111111,0.028607701
HANDEL BAGASI APV,PT. EMPATI SUKSES BERKARYA,65000,126,1,1.54E-05,0.007874016,0.111111111,0.024592119
HANDEL PINTU DPN APV,PT. EMPATI SUKSES BERKARYA,30000,150,1,3.33E-05,0.006622517,0.111111111,0.024225644
HANDEL PINTU DPN LUAR GRANDMAX,METRO MOTOR,45000,72,1,2.22E-05,0.01369863,0.111111111,0.026342922
HEAD CYLINDER ASSY DONG FENG,RIYA MOTOR,385000,92,1,2.60E-06,0.010752688,0.111111111,0.025449327
HOLDER LAMPU L300,JAYA ABADI MOTOR,235000,114,1,4.26E-06,0.008695652,0.111111111,0.024833046
HOSE ALTENATOR ,JAYA ABADI MOTOR,60000,196,1,1.67E-05,0.005076142,0.111111111,0.023753398
HOSE OIL COOLER PENDEK L300,PT. EMPATI SUKSES BERKARYA,175000,133,1,5.71E-06,0.007462687,0.111111111,0.024463885
HOSE RADIATOR BAWAH GRANDMAX,JAYA ABADI MOTOR,40000,69,1,2.50E-05,0.014285714,0.111111111,0.026520437
HOSE RADIATOR BAWAH GRANDMAX,PT. EMPATI SUKSES BERKARYA,45000,203,1,2.22E-05,0.004901961,0.111111111,0.023703922
HOSE RADIATOR BWH FREED,JAYA RAYA MOBIL,300000,108,1,3.33E-06,0.009174312,0.111111111,0.024976182
HOUSING STEER L300,JAYA ABADI MOTOR,300000,27,1,3.33E-06,0.035714286,0.111111111,0.032938175
HOUSING STEER L300,PT. EMPATI SUKSES BERKARYA,300000,121,2,3.33E-06,0.008196721,0.222222222,0.046905128
HOUSING THERMOSTAT GRANDMAX,PT. EMPATI SUKSES BERKARYA,150000,9,1,6.67E-06,0.1,0.111111111,0.052225556
IDLER ARM L300,PT. EMPATI SUKSES BERKARYA,390000,182,1,2.56E-06,0.005464481,0.111111111,0.023862849
INDOSPRING DH00046-03 GRANDMAX,BERLIAN MOTOR,169000,166,1,5.92E-06,0.005988024,0.111111111,0.024021588
INDOSPRING DH0073-01 GRANDMAX,JAYA ABADI MOTOR,180000,3,1,5.56E-06,0.25,0.111111111,0.097225
INDOSPRING DH0073-01 GRANDMAX,PT. EMPATI SUKSES BERKARYA,356000,11,1,2.81E-06,0.083333333,0.111111111,0.047223627
ISC GRANDMAX,DAIHATSU DEALER,380000,154,1,2.63E-06,0.006451613,0.111111111,0.024159022
JOINT STEER GRANDMAX,PT. EMPATI SUKSES BERKARYA,240000,63,2,4.17E-06,0.015625,0.222222222,0.049134028
JOINT STEER RUSH ,MEGAH JAYA MOTOR,275000,94,1,3.64E-06,0.010526316,0.111111111,0.025381935
JOINT STEER XENIA,JAYA ABADI MOTOR,250000,52,1,4.00E-06,0.018867925,0.111111111,0.0278846
"KABEL 1,25 MM",JAYA ABADI MOTOR,100000,59,1,1.00E-05,0.016666667,0.111111111,0.027227222
KABEL BUSI APV,76 MOTOR,100000,163,1,1.00E-05,0.006097561,0.111111111,0.024056491
KABEL HAND REM RR/RH GRAND MAX,PT. EMPATI SUKSES BERKARYA,350000,150,1,2.86E-06,0.006622517,0.111111111,0.024210406
KABEL RELAY KLAKSON,PT. EMPATI SUKSES BERKARYA,75000,50,1,1.33E-05,0.019607843,0.111111111,0.028111242
KABEL SPEDOMETER DYNA,PT. EMPATI SUKSES BERKARYA,275000,66,1,3.64E-06,0.014925373,0.111111111,0.026701652
KABEL SPEDOMETER L300,JAYA ABADI MOTOR,100000,87,1,1.00E-05,0.011363636,0.111111111,0.025636313
KABEL TRANSMISI GRAND MAX,PT. EMPATI SUKSES BERKARYA,525000,190,1,1.90E-06,0.005235602,0.111111111,0.023793855
KABEL TRANSMISI PJG L300,JAYA ABADI MOTOR,345000,119,1,2.90E-06,0.008333333,0.111111111,0.024723671
KALIBRASI SUPLAY PUMP & COMMON RAIL,TEPIAN DIESEL,3500000,53,2,2.86E-07,0.018518519,0.222222222,0.050000143
KALIPER ASSY  L300,PT. EMPATI SUKSES BERKARYA,550000,112,1,1.82E-06,0.008849558,0.111111111,0.024877999
KALIPER KIT AVANZA,76 MOTOR,50000,25,1,2.00E-05,0.038461538,0.111111111,0.033770684
KALIPER KIT AVANZA,PT. EMPATI SUKSES BERKARYA,45000,23,3,2.22E-05,0.041666667,0.333333333,0.079177778
KALIPER KIT CARRY,METRO MOTOR,75000,161,1,1.33E-05,0.00617284,0.111111111,0.024080741
KALIPER KIT CARRY,PT. EMPATI SUKSES BERKARYA,45000,25,1,2.22E-05,0.038461538,0.111111111,0.033771795
KALIPER KIT PANTHER,76 MOTOR,75000,73,1,1.33E-05,0.013513514,0.111111111,0.026282943
KALIPER KIT SIGRA/CALYA,76 MOTOR,125000,34,1,8.00E-06,0.028571429,0.111111111,0.030797651
KALIPER KIT SIGRA/CALYA,METRO MOTOR,95000,34,1,1.05E-05,0.028571429,0.111111111,0.030798914
KALIPER KIT TRITON ,76 MOTOR,70000,38,1,1.43E-05,0.025641026,0.111111111,0.029921673
KALIPER KIT TRITON ,JAYA RAYA MOBIL,176000,180,1,5.68E-06,0.005524862,0.111111111,0.023882522
KAMPAS HAND REM PS,JAYA ABADI MOTOR,85000,63,1,1.18E-05,0.015625,0.111111111,0.026915605
KAMPAS HAND REM PS,MITRA UTAMA MOBIL,100000,151,1,1.00E-05,0.006578947,0.111111111,0.024200906
KAMPAS HAND REM PS,PT. EMPATI SUKSES BERKARYA,110000,57,1,9.09E-06,0.017241379,0.111111111,0.027399181
KAMPAS KOPLING CANTER 125,PT. EMPATI SUKSES BERKARYA,1898000,151,1,5.27E-07,0.006578947,0.111111111,0.02419617
KAMPAS KOPLING ISUZU TRAGA,JAYA ABADI MOTOR,450000,116,1,2.22E-06,0.008547009,0.111111111,0.024787436
KAMPAS KOPLING ISUZU TRAGA,PT. EMPATI SUKSES BERKARYA,415000,70,1,2.41E-06,0.014084507,0.111111111,0.026448779
KAMPAS KOPLING L300,PT. EMPATI SUKSES BERKARYA,660000,11,3,1.52E-06,0.083333333,0.333333333,0.091667424
KAMPAS KOPLING PS120,PT. EMPATI SUKSES BERKARYA,1002000,157,1,9.98E-07,0.006329114,0.111111111,0.024121455
KAMPAS KOPLING TARUNA,PT. EMPATI SUKSES BERKARYA,300000,56,1,3.33E-06,0.01754386,0.111111111,0.027487047
KAMPAS REM BELAKANG L300,76 MOTOR,300000,98,1,3.33E-06,0.01010101,0.111111111,0.025254192
KAMPAS REM BELAKANG L300,PT. EMPATI SUKSES BERKARYA,155000,56,2,6.45E-06,0.01754386,0.222222222,0.049710828
KAMPAS REM BLKG AGYA,76 MOTOR,185000,4,1,5.41E-06,0.2,0.111111111,0.082224925
KAMPAS REM BLKG CRV,76 MOTOR,225000,56,1,4.44E-06,0.01754386,0.111111111,0.027487602
KAMPAS REM BLKG FUTURA,PT. EMPATI SUKSES BERKARYA,145000,25,1,6.90E-06,0.038461538,0.111111111,0.033764132
KAMPAS REM BLKG GRAND MAX,PT. EMPATI SUKSES BERKARYA,330000,189,1,3.03E-06,0.005263158,0.111111111,0.023802685
KAMPAS REM BLKG TARUNA,JAYA ABADI MOTOR,188000,102,1,5.32E-06,0.009708738,0.111111111,0.025137503
KAMPAS REM BLKG TRAGA ,PT. EMPATI SUKSES BERKARYA,250000,36,1,4.00E-06,0.027027027,0.111111111,0.03033233
KAMPAS REM BLKG TRAGA ORI,PT. EMPATI SUKSES BERKARYA,980000,36,1,1.02E-06,0.027027027,0.111111111,0.030330841
KAMPAS REM BLKNG ALTIS,PT. EMPATI SUKSES BERKARYA,175000,185,1,5.71E-06,0.005376344,0.111111111,0.023837983
KAMPAS REM BLKNG MOBILIO,JAYA ABADI MOTOR,180000,177,1,5.56E-06,0.005617978,0.111111111,0.023910393
KAMPAS REM BLKNG SIGRA,76 MOTOR,285000,121,1,3.51E-06,0.008196721,0.111111111,0.024682993
KAMPAS REM BLKNG XENIA ,76 MOTOR,170000,19,1,5.88E-06,0.05,0.111111111,0.037225163
KAMPAS REM DEPAN L300,PT. EMPATI SUKSES BERKARYA,504000,87,1,1.98E-06,0.011363636,0.111111111,0.025632305
KAMPAS REM DPN AGYA M/T,76 MOTOR,175000,126,1,5.71E-06,0.007874016,0.111111111,0.024587284
KAMPAS REM DPN ALTIS,CITRA PRATAMA,250000,164,1,4.00E-06,0.006060606,0.111111111,0.024042404
KAMPAS REM DPN CALYA/SIGRA,METRO MOTOR,300000,137,1,3.33E-06,0.007246377,0.111111111,0.024397802
KAMPAS REM DPN FUTURA,PT. EMPATI SUKSES BERKARYA,95000,25,1,1.05E-05,0.038461538,0.111111111,0.033765947
KAMPAS REM DPN GRAND MAX,PT. EMPATI SUKSES BERKARYA,290000,189,1,3.45E-06,0.005263158,0.111111111,0.023802894
KAMPAS REM DPN HILUX DC REVO,PT. EMPATI SUKSES BERKARYA,250000,37,1,4.00E-06,0.026315789,0.111111111,0.030118959
KAMPAS REM DPN JAZZ,76 MOTOR,195000,99,2,5.13E-06,0.01,0.222222222,0.047447009
KAMPAS REM DPN TRAGA ORI,76 MOTOR,370000,53,1,2.70E-06,0.018518519,0.111111111,0.027779129
KAMPAS REM DPN TRAGA ORI,PT. EMPATI SUKSES BERKARYA,325000,36,2,3.08E-06,0.027027027,0.222222222,0.052554091
KAMPAS REM DPN XPANDER,76 MOTOR,250000,3,2,4.00E-06,0.25,0.222222222,0.119446444
KARET COIL SPRING ATAS AVANZA,JAYA RAYA MOBIL,130000,91,1,7.69E-06,0.010869565,0.111111111,0.025486938
KARET COIL SPRING AYLA/AGYA,PT. EMPATI SUKSES BERKARYA,100000,10,1,1.00E-05,0.090909091,0.111111111,0.049499949
KARET COIL SPRING BWH AVANZA,JAYA RAYA MOBIL,100000,91,1,1.00E-05,0.010869565,0.111111111,0.025488092
KARET COIL SPRING GRANDMAX,PT. EMPATI SUKSES BERKARYA,50000,91,2,2.00E-05,0.010869565,0.222222222,0.047715314
KARET COIL SPRING L300,PT. EMPATI SUKSES BERKARYA,150000,172,1,6.67E-06,0.005780347,0.111111111,0.02395966
KARET COIL SPRING SIGRA,PT. EMPATI SUKSES BERKARYA,50000,85,1,2.00E-05,0.011627907,0.111111111,0.025720594
KARET PER BLKG GRAND MAX,JAYA ABADI MOTOR,64000,134,1,1.56E-05,0.007407407,0.111111111,0.024452257
KARET PER BLKG GRAND MAX,JAYA RAYA MOBIL,80000,131,1,1.25E-05,0.007575758,0.111111111,0.024501199
KARET PER BLKG L300,PT. EMPATI SUKSES BERKARYA,100000,170,1,1.00E-05,0.005847953,0.111111111,0.023981608
KARET PER BLKNG CARRY FUTURA,PT. EMPATI SUKSES BERKARYA,40000,126,1,2.50E-05,0.007874016,0.111111111,0.024596927
KARET PER BSR CARRY,PT. EMPATI SUKSES BERKARYA,17000,29,1,5.88E-05,0.033333333,0.111111111,0.032251634
KARET PER FUTURA,PT. EMPATI SUKSES BERKARYA,30000,126,1,3.33E-05,0.007874016,0.111111111,0.024601094
KARET SHOCK BLKNG JAZZ,MEGAH JAYA MOTOR,100000,106,1,1.00E-05,0.009345794,0.111111111,0.025030961
KARET SHOCK BREAKER UNIVERSAL ,JAYA ABADI MOTOR,32000,191,1,3.13E-05,0.005208333,0.111111111,0.023800347
KARET SHOCK BREAKER UNIVERSAL ,PT. EMPATI SUKSES BERKARYA,48000,170,1,2.08E-05,0.005847953,0.111111111,0.023987025
KARET STABIL BLKG AVANZA/XENIA,JAYA ABADI MOTOR,27000,65,1,3.70E-05,0.015151515,0.111111111,0.026786195
KARET STABIL INNOVA,76 MOTOR,60000,164,1,1.67E-05,0.006060606,0.111111111,0.024048737
KARET STABIL LIVINA,MEGAH JAYA MOTOR,150000,117,1,6.67E-06,0.008474576,0.111111111,0.024767928
KARET STABIL PANTHER,PT. EMPATI SUKSES BERKARYA,90000,74,1,1.11E-05,0.013333333,0.111111111,0.026227778
KARET STABIL TRITON,PT. EMPATI SUKSES BERKARYA,70000,0,1,1.43E-05,1,0.111111111,0.322229365
KARET STABILIZER L300,PT. EMPATI SUKSES BERKARYA,270000,189,1,3.70E-06,0.005263158,0.111111111,0.023803021
KARET SUPPORT SHOCK APV,PT. EMPATI SUKSES BERKARYA,70000,162,1,1.43E-05,0.006134969,0.111111111,0.024069856
KARET SUPPORT SHOCK FREED,PT. EMPATI SUKSES BERKARYA,250000,170,1,4.00E-06,0.005847953,0.111111111,0.023978608
KARET SUPPORT SHOCK MOBILIO,JAYA ABADI MOTOR,150000,177,1,6.67E-06,0.005617978,0.111111111,0.023910949
KARET SUPPORT SHOCK YARIS,76 MOTOR,300000,126,1,3.33E-06,0.007874016,0.111111111,0.024586094
KARET TUTUP KOPLING GRANDMAX,PT. EMPATI SUKSES BERKARYA,15000,68,1,6.67E-05,0.014492754,0.111111111,0.026603382
KEPALA ACCU GF KECIL,BENGKEL JASA TEMAN MOTOR,25000,188,1,4.00E-05,0.005291005,0.111111111,0.023829524
KEPALA ACCU GF KECIL,PT. EMPATI SUKSES BERKARYA,45000,170,1,2.22E-05,0.005847953,0.111111111,0.023987719
KEPALA ACCU KECIL KUNINGAN,PT. EMPATI SUKSES BERKARYA,60000,60,1,1.67E-05,0.016393443,0.111111111,0.027148588
KEPALA ACCU VARIASI,76 MOTOR,55000,29,1,1.82E-05,0.033333333,0.111111111,0.032231313
KEPALA FILTER SOLAR TRAGA,JAYA ABADI MOTOR,125000,175,1,8.00E-06,0.005681818,0.111111111,0.023930768
KING PEN ASLI LELANGAN PS,PT. EMPATI SUKSES BERKARYA,1100000,18,2,9.09E-07,0.052631579,0.222222222,0.060234373
KLAKSON TROMPET 24V,76 MOTOR,270000,201,1,3.70E-06,0.004950495,0.111111111,0.023709223
KLAM HOSE BESAR,76 MOTOR,20000,134,1,5.00E-05,0.007407407,0.111111111,0.024469444
KLAM HOSE BESAR,PT. EMPATI SUKSES BERKARYA,15000,106,1,6.67E-05,0.009345794,0.111111111,0.025059294
KLAM HOSE BESAR,TOKO ADELA,17000,137,1,5.88E-05,0.007246377,0.111111111,0.024425547
KLAM HOSE KECIL,JAYA ABADI MOTOR,20000,114,1,5.00E-05,0.008695652,0.111111111,0.024855918
KLAM PLAT 1'',UD SINAR BAUT,9000,46,1,0.000111111,0.021276596,0.111111111,0.028660757
KLEP ARBOD,76 MOTOR,30000,162,1,3.33E-05,0.006134969,0.111111111,0.02407938
KLEP ARBOD,PT. EMPATI SUKSES BERKARYA,125000,24,1,8.00E-06,0.04,0.111111111,0.034226222
KLEP EX XENIA 1.0,PT. EMPATI SUKSES BERKARYA,150000,154,1,6.67E-06,0.006451613,0.111111111,0.024161039
KLEP IN XENIA 1.0,PT. EMPATI SUKSES BERKARYA,150000,154,1,6.67E-06,0.006451613,0.111111111,0.024161039
KLIP DUDUKAN TANGKAI KAP MESIN,76 MOTOR,10000,89,1,0.0001,0.011111111,0.111111111,0.025605556
LAMPU ATRET COLT120SS,PT. EMPATI SUKSES BERKARYA,35000,60,1,2.86E-05,0.016393443,0.111111111,0.027154541
LAMPU BOX LED ,JAYA MUNCUL MOBIL,100000,30,3,1.00E-05,0.032258065,0.333333333,0.076349086
LAMPU HB4 OSRAM 12V,76 MOTOR,60000,165,1,1.67E-05,0.006024096,0.111111111,0.024037784
LAMPU LED 3 MATA,JAYA MUNCUL MOBIL,80000,105,1,1.25E-05,0.009433962,0.111111111,0.025058661
LAMPU LED BIRU,RADAR,35000,108,1,2.86E-05,0.009174312,0.111111111,0.024988802
LAMPU T20 12V,76 MOTOR,30000,114,1,3.33E-05,0.008695652,0.111111111,0.024847585
LAMPU T20 12V,BENGKEL JASA TEMAN MOTOR,15000,108,1,6.67E-05,0.009174312,0.111111111,0.025007849
LAMPU T20 12V,PT. EMPATI SUKSES BERKARYA,25000,29,1,4.00E-05,0.033333333,0.111111111,0.032242222
LAMPU TUSUK T10 12V,JAYA ABADI MOTOR,10000,110,1,0.0001,0.009009009,0.111111111,0.024974925
LAS ALUMUNIUM,BENGKEL WAWAN,75000,50,1,1.33E-05,0.019607843,0.111111111,0.028111242
LAS BAUT CARTER,76 MOTOR,60000,117,1,1.67E-05,0.008474576,0.111111111,0.024772928
LAS KUNINGAN,BENGKEL WAWAN,30000,39,3,3.33E-05,0.025,0.333333333,0.074183333
LEM SENG SILIKON,TOKO ADELA,240000,178,1,4.17E-06,0.005586592,0.111111111,0.023900283
LEM SILICONE,CHI CHI JAYA,60000,173,1,1.67E-05,0.005747126,0.111111111,0.023954693
LINER DONG FENG,RIYA MOTOR,250000,94,1,4.00E-06,0.010526316,0.111111111,0.025382117
LINER L300,PT. EMPATI SUKSES BERKARYA,940000,56,2,1.06E-06,0.01754386,0.222222222,0.049708134
LINING KAMPAS REM BLKNG PS120,JAYA ABADI MOTOR,132000,107,1,7.58E-06,0.009259259,0.111111111,0.025003788
LINK STABIL HILUX,PT. EMPATI SUKSES BERKARYA,165000,199,1,6.06E-06,0.005,0.111111111,0.023725253
LINK STABIL NEW RUSH,PT. EMPATI SUKSES BERKARYA,290000,24,1,3.45E-06,0.04,0.111111111,0.034223946
LOWER ARM APV,PT. EMPATI SUKSES BERKARYA,225000,170,1,4.44E-06,0.005847953,0.111111111,0.02397883
LOWER ARM BLKNG GRANDMAX,JAYA RAYA MOBIL,616000,123,1,1.62E-06,0.008064516,0.111111111,0.024642389
LOWER ARM BLKNG GRANDMAX,METRO MOTOR,650000,33,1,1.54E-06,0.029411765,0.111111111,0.031046521
LOWER ARM FUTURA/SS,76 MOTOR,175000,183,1,5.71E-06,0.005434783,0.111111111,0.023855514
LOWER ARM GRAND MAX,PT. EMPATI SUKSES BERKARYA,450000,203,2,2.22E-06,0.004901961,0.222222222,0.045916144
MATAHARI ISUZU TRAGA,PT. EMPATI SUKSES BERKARYA,550000,70,1,1.82E-06,0.014084507,0.111111111,0.026448483
MATAHARI L300,PT. EMPATI SUKSES BERKARYA,770000,11,2,1.30E-06,0.083333333,0.222222222,0.069445094
MATAHARI PS 125 TURBO,PT. EMPATI SUKSES BERKARYA,1405000,151,1,7.12E-07,0.006578947,0.111111111,0.024196262
MATAHARI PS120,PT. EMPATI SUKSES BERKARYA,1127000,157,1,8.87E-07,0.006329114,0.111111111,0.0241214
MEDITRAN SX PLUS LITER,PT. TITIAN KALTIM,7010760,15,2,1.43E-07,0.0625,0.222222222,0.063194516
METAL BULAN L300,PT. EMPATI SUKSES BERKARYA,145000,50,2,6.90E-06,0.019607843,0.222222222,0.050330246
METAL BULAN TARUNA,JAYA MUNCUL MOBIL,45000,56,1,2.22E-05,0.01754386,0.111111111,0.027496491
"METAL DUDUK 0,25 TARUNA",PT. EMPATI SUKSES BERKARYA,175000,56,1,5.71E-06,0.01754386,0.111111111,0.027488237
METAL DUDUK DONG FENG 8PK,RIYA MOTOR,25000,95,1,4.00E-05,0.010416667,0.111111111,0.025367222
METAL DUDUK STD L300,JAYA RAYA MOBIL,369000,53,2,2.71E-06,0.018518519,0.222222222,0.050001355
"METAL JALAN 0,50 TARUNA",PT. EMPATI SUKSES BERKARYA,150000,56,1,6.67E-06,0.01754386,0.111111111,0.027488713
METAL JALAN STD L300,PT. EMPATI SUKSES BERKARYA,145000,56,2,6.90E-06,0.01754386,0.222222222,0.049711051
MIKA STOP LAMP COLTT1200SS,PT. EMPATI SUKSES BERKARYA,35000,60,1,2.86E-05,0.016393443,0.111111111,0.027154541
MINYAK REM PRESTON BESAR,PT. EMPATI SUKSES BERKARYA,456000,18,3,2.19E-06,0.052631579,0.333333333,0.082457237
MINYAK REM PRESTON MOTUL 500ML,ANDY JAYA MOTOR,241080,42,2,4.15E-06,0.023255814,0.222222222,0.051423263
MOTOR WIPER L300,METRO MOTOR,275000,110,1,3.64E-06,0.009009009,0.111111111,0.024926743
MOTOR WIPER PS,PT. EMPATI SUKSES BERKARYA,45000,23,1,2.22E-05,0.041666667,0.111111111,0.034733333
MOTUL MULTI POWER PLUS 5W30 1L,ANDY JAYA MOTOR,1726760,171,1,5.79E-07,0.005813953,0.111111111,0.023966698
MOTUL TRD SPORT 5W40 DIESEL 1L,ANDY JAYA MOTOR,903168,171,1,1.11E-06,0.005813953,0.111111111,0.023966962
MOTUL TRD SPORT 5W40 DIESEL 4L,ANDY JAYA MOTOR,1192660,42,1,8.38E-07,0.023255814,0.111111111,0.029199386
MOUNTING TRANSMISI APV,PT. EMPATI SUKSES BERKARYA,195000,109,1,5.13E-06,0.009090909,0.111111111,0.024952059
MOUNTING TRANSMISI RUSH,METRO MOTOR,175000,35,1,5.71E-06,0.027777778,0.111111111,0.030558413
MUR SELONGSONG GARDA PS,JAYA ABADI MOTOR,160000,145,1,6.25E-06,0.006849315,0.111111111,0.024280142
MUR SELONGSONG GARDA PS,SINAR MAJU,75000,144,1,1.33E-05,0.006896552,0.111111111,0.024297854
NOKEN AS CAMSHAFT L300,PT. EMPATI SUKSES BERKARYA,850000,122,1,1.18E-06,0.008130081,0.111111111,0.024661835
NOZLE WIPER TARUNA,METRO MOTOR,65000,50,1,1.54E-05,0.019607843,0.111111111,0.028112267
NOZZLE WIPER PS,PT. EMPATI SUKSES BERKARYA,44000,24,1,2.27E-05,0.04,0.111111111,0.034233586
OIL TREATMENT STP 300ML,JAYA ABADI MOTOR,63000,61,1,1.59E-05,0.016129032,0.111111111,0.027068868
OLI GARDAN RORED SAE 140,JAYA ABADI MOTOR,245000,42,2,4.08E-06,0.023255814,0.222222222,0.051423229
OLI GARDAN RORED SAE 140,PT. EMPATI SUKSES BERKARYA,944000,36,3,1.06E-06,0.027027027,0.333333333,0.074775304
OLI GARDAN RORED SAE 140,UD SINAR BAUT,251000,49,1,3.98E-06,0.02,0.111111111,0.028224214
OLI PRIMA XP 4 LTR,JAYA ABADI MOTOR,156000,196,1,6.41E-06,0.005076142,0.111111111,0.02374827
OLI PRIMA XP 4 LTR,PT. EMPATI SUKSES BERKARYA,966000,56,3,1.04E-06,0.01754386,0.333333333,0.071930342
OLI SAE 10,76 MOTOR,137500,56,2,7.27E-06,0.01754386,0.222222222,0.049711239
OLI TRANSMISI,JAYA ABADI MOTOR,217000,192,1,4.61E-06,0.005181347,0.111111111,0.023778931
OLI TRANSMISI,PT. EMPATI SUKSES BERKARYA,840000,36,3,1.19E-06,0.027027027,0.333333333,0.07477537
ORING THERMOSTAT AVANZA,PT. EMPATI SUKSES BERKARYA,20000,56,1,5.00E-05,0.01754386,0.111111111,0.02751038
P/STERING ASSY L300,ONLINE SHOP,6350000,136,1,1.57E-07,0.00729927,0.111111111,0.024412082
PACK DEK COVER TARUNA,PT. EMPATI SUKSES BERKARYA,85000,187,1,1.18E-05,0.005319149,0.111111111,0.023823849
PACK DEK KLEP COVER FREED,JAYA RAYA MOBIL,125000,108,1,8.00E-06,0.009174312,0.111111111,0.024978516
PACK DEK KLEP COVER FUTURA,PT. EMPATI SUKSES BERKARYA,65000,126,1,1.54E-05,0.007874016,0.111111111,0.024592119
PACK DEK KLEP COVER GRAND MAX,JAYA ABADI MOTOR,75000,110,4,1.33E-05,0.009009009,0.444444444,0.091598258
PACK DEK KLEP COVER GRAND MAX,PT. EMPATI SUKSES BERKARYA,85000,50,2,1.18E-05,0.019607843,0.222222222,0.05033268
PACK KLEP COVER ERTIGA,PT. SAMEKARINDO INDAH,88000,193,1,1.14E-05,0.005154639,0.111111111,0.023774296
PACK KLEP COVER NOUVA,ONLINE SHOP,175000,40,1,5.71E-06,0.024390244,0.111111111,0.029542153
PACK KLEP COVER PANTHER,PT. EMPATI SUKSES BERKARYA,45000,81,1,2.22E-05,0.012195122,0.111111111,0.02589187
PACK KLEP COVER XENIA 1.0,PT. EMPATI SUKSES BERKARYA,85000,154,1,1.18E-05,0.006451613,0.111111111,0.024163588
PACK KNALPOT L300,METRO MOTOR,25000,14,1,4.00E-05,0.066666667,0.111111111,0.042242222
PACK KOP DONG FENG 8PK,RIYA MOTOR,25000,95,1,4.00E-05,0.010416667,0.111111111,0.025367222
PACKING COVER KLEP JAZZ,76 MOTOR,85000,122,1,1.18E-05,0.008130081,0.111111111,0.024667129
PACKING DELCO NOUVO,ONLINE SHOP,85000,40,1,1.18E-05,0.024390244,0.111111111,0.029545178
PACKING HEAD FREED,JAYA RAYA MOBIL,200000,108,1,5.00E-06,0.009174312,0.111111111,0.024977016
PACKING HEAD GRAND MAX,JAYA RAYA MOBIL,75000,49,2,1.33E-05,0.02,0.222222222,0.050451111
PACKING HEAD GRAND MAX,PT. EMPATI SUKSES BERKARYA,225000,50,2,4.44E-06,0.019607843,0.222222222,0.05032902
PACKING HEAD L300,PT. EMPATI SUKSES BERKARYA,252000,119,1,3.97E-06,0.008333333,0.111111111,0.024724206
PACKING HEAD TARUNA,PT. EMPATI SUKSES BERKARYA,100000,187,1,1.00E-05,0.005319149,0.111111111,0.023822967
PACKING HEAD XENIA 1.0,PT. EMPATI SUKSES BERKARYA,85000,154,1,1.18E-05,0.006451613,0.111111111,0.024163588
PACKING KNALPOT AVANZA,76 MOTOR,20000,52,1,5.00E-05,0.018867925,0.111111111,0.0279076
PACKING SET DONG FENG 8PK,RIYA MOTOR,25000,95,1,4.00E-05,0.010416667,0.111111111,0.025367222
PACKING SET L300,PT. EMPATI SUKSES BERKARYA,750000,56,2,1.33E-06,0.01754386,0.222222222,0.049708269
PACKING SET TARUNA,PT. EMPATI SUKSES BERKARYA,450000,56,1,2.22E-06,0.01754386,0.111111111,0.027486491
PEDAL GAS PS,PT. EMPATI SUKSES BERKARYA,100000,15,1,1.00E-05,0.0625,0.111111111,0.040977222
PELAMPUNG TANGKI CANTER,PT. EMPATI SUKSES BERKARYA,150000,68,1,6.67E-06,0.014492754,0.111111111,0.026573382
PELAMPUNG TANGKI CARRY,JAYA ABADI MOTOR,100000,183,1,1.00E-05,0.005434783,0.111111111,0.023857657
PEN KALIPER,76 MOTOR,30000,3,2,3.33E-05,0.25,0.222222222,0.119461111
PEN KALIPER,JAYA RAYA MOBIL,50000,180,1,2.00E-05,0.005524862,0.111111111,0.023889681
PEN KALIPER GRANDMAX,76 MOTOR,50000,106,1,2.00E-05,0.009345794,0.111111111,0.025035961
PEN PER POLOS PS,JAYA ABADI MOTOR,105000,103,1,9.52E-06,0.009615385,0.111111111,0.0251116
PER DAUN BLKG K142,JAYA ABADI MOTOR,72000,103,1,1.39E-05,0.009615385,0.111111111,0.025113782
PIN KIT REM GRANDMAX,76 MOTOR,30000,150,1,3.33E-05,0.006622517,0.111111111,0.024225644
PIN KIT REM GRANDMAX,PT. EMPATI SUKSES BERKARYA,26000,136,1,3.85E-05,0.00729927,0.111111111,0.024431234
PIN KIT TRITON,76 MOTOR,30000,157,1,3.33E-05,0.006329114,0.111111111,0.024137623
PINION GEAR PS120,PT. EMPATI SUKSES BERKARYA,500000,108,1,2.00E-06,0.009174312,0.111111111,0.024975516
PIPA RADIATOR GRANDMAX,PT. EMPATI SUKSES BERKARYA,350000,203,1,2.86E-06,0.004901961,0.111111111,0.023694239
PISTON DONG FENG 8PK,RIYA MOTOR,85000,95,1,1.18E-05,0.010416667,0.111111111,0.025353105
PISTON KALIPER AVANZA,PT. EMPATI SUKSES BERKARYA,110000,108,2,9.09E-06,0.009174312,0.222222222,0.047201283
PISTON KALIPER FUTURA,PT. EMPATI SUKSES BERKARYA,85000,25,1,1.18E-05,0.038461538,0.111111111,0.033766566
PISTON KALIPER L300,PT. EMPATI SUKSES BERKARYA,75000,112,1,1.33E-05,0.008849558,0.111111111,0.024883756
PISTON KALIPER PANTHER,76 MOTOR,100000,73,1,1.00E-05,0.013513514,0.111111111,0.026281276
PISTON KALIPER TRITON,JAYA RAYA MOBIL,75000,180,1,1.33E-05,0.005524862,0.111111111,0.023886347
PISTON L300,PT. EMPATI SUKSES BERKARYA,1416000,56,2,7.06E-07,0.01754386,0.222222222,0.049707955
PLATE LEVER BRAKE KIT INNOVA,76 MOTOR,140000,81,1,7.14E-06,0.012195122,0.111111111,0.02588433
PLATE LEVER HAND BRAKE PS120,76 MOTOR,70000,63,1,1.43E-05,0.015625,0.111111111,0.026916865
PLATE LEVER HAND BRAKE PS120,PT. EMPATI SUKSES BERKARYA,65000,57,2,1.54E-05,0.017241379,0.222222222,0.049624551
POMPA MINYAK AVANZA,PT. EMPATI SUKSES BERKARYA,375000,0,2,2.67E-06,1,0.222222222,0.344445778
POMPA MINYAK GRAND MAX,PT. EMPATI SUKSES BERKARYA,350000,133,1,2.86E-06,0.007462687,0.111111111,0.024462457
POMPA MINYAK INNOVA BENSIN,JAYA ABADI MOTOR,425000,83,1,2.35E-06,0.011904762,0.111111111,0.025794827
POMPA OLI TARUNA,PT. EMPATI SUKSES BERKARYA,650000,56,1,1.54E-06,0.01754386,0.111111111,0.027486149
PROPELLER SHAFT GRANDMAX,JAYA RAYA MOBIL,850000,151,1,1.18E-06,0.006578947,0.111111111,0.024196495
PROPELLER SHAFT GRANDMAX (A),DAIHATSU DEALER,1750000,114,1,5.71E-07,0.008695652,0.111111111,0.024831204
PULLEY AC APV (A),PT. SAMEKARINDO INDAH,455000,103,1,2.20E-06,0.009615385,0.111111111,0.025107937
PULLEY CRANKSHAFT GRANDMAX,JAYA RAYA MOBIL,371000,93,1,2.70E-06,0.010638298,0.111111111,0.025415059
PULLEY CRANKSHAFT L300,PT. EMPATI SUKSES BERKARYA,538000,9,1,1.86E-06,0.1,0.111111111,0.052223152
PULLEY CRANKSHAFT XENIA 1.0,JAYA RAYA MOBIL,300000,151,1,3.33E-06,0.006578947,0.111111111,0.024197573
PULLEY TENSIONER GRANDMAX,MEGAH JAYA MOTOR,300000,93,1,3.33E-06,0.010638298,0.111111111,0.025415378
PULLEY TENSIONER NEW CARRY,PT. EMPATI SUKSES BERKARYA,185000,74,1,5.41E-06,0.013333333,0.111111111,0.026224925
PULLEY TENSIONER XENIA,JAYA ABADI MOTOR,100000,88,1,1.00E-05,0.011235955,0.111111111,0.025598009
PULLEY TENSIONER XOVER,METRO MOTOR,250000,34,1,4.00E-06,0.028571429,0.111111111,0.030795651
RACK END AVANZA,76 MOTOR,125000,112,2,8.00E-06,0.008849558,0.222222222,0.047103312
RACK END AVANZA,PT. EMPATI SUKSES BERKARYA,125000,112,3,8.00E-06,0.008849558,0.333333333,0.069325534
RACK END AVANZA LAMA,PT. EMPATI SUKSES BERKARYA,220000,77,1,4.55E-06,0.012820513,0.111111111,0.026070649
RACK END GRAND MAX,JAYA ABADI MOTOR,390000,85,1,2.56E-06,0.011627907,0.111111111,0.025711876
RACK END GRAND MAX,PT. EMPATI SUKSES BERKARYA,780000,189,1,1.28E-06,0.005263158,0.111111111,0.023801811
RACK END INNOVA,PT. EMPATI SUKSES BERKARYA,250000,175,1,4.00E-06,0.005681818,0.111111111,0.023928768
RACK END SIGRA,JAYA ABADI MOTOR,220000,42,1,4.55E-06,0.023255814,0.111111111,0.029201239
RACK STEER ASSY GRANDMAX,PT. EMPATI SUKSES BERKARYA,2800000,189,2,3.57E-07,0.005263158,0.222222222,0.04602357
RACK STEER ASSY LIVINA,PT. EMPATI SUKSES BERKARYA,1900000,74,1,5.26E-07,0.013333333,0.111111111,0.026222485
RADIATOR AVZ/XNIA LAMA,PT. EMPATI SUKSES BERKARYA,825000,173,1,1.21E-06,0.005747126,0.111111111,0.023946966
RADIATOR FREED,JAYA RAYA MOBIL,1400000,108,1,7.14E-07,0.009174312,0.111111111,0.024974873
RADIATOR GRANDMAX,JAYA ABADI MOTOR,975000,155,1,1.03E-06,0.006410256,0.111111111,0.024145812
RADIATOR INNOVA,PT. EMPATI SUKSES BERKARYA,1250000,57,1,8.00E-07,0.017241379,0.111111111,0.027395036
RELAY GLOW PLUGH L300,JAYA ABADI MOTOR,165000,84,1,6.06E-06,0.011764706,0.111111111,0.025754664
RELAY GLOW PLUGH L300,PT. EMPATI SUKSES BERKARYA,175000,82,1,5.71E-06,0.012048193,0.111111111,0.025839537
RING NOZZLE L300,76 MOTOR,20000,165,1,5.00E-05,0.006024096,0.111111111,0.024054451
RING NOZZLE L300,PT. EMPATI SUKSES BERKARYA,20000,56,1,5.00E-05,0.01754386,0.111111111,0.02751038
RING PISTON DONG FENG 8PK,RIYA MOTOR,50000,95,1,2.00E-05,0.010416667,0.111111111,0.025357222
RING PISTON L300,PT. EMPATI SUKSES BERKARYA,1585000,56,2,6.31E-07,0.01754386,0.222222222,0.049707918
RING PISTON TARUNA,JAYA RAYA MOBIL,428000,56,1,2.34E-06,0.01754386,0.111111111,0.027486548
RING SOLAR 10,PT. EMPATI SUKSES BERKARYA,10000,196,1,0.0001,0.005076142,0.111111111,0.023795065
RING TEMBAGA 10MM,JAYA ABADI MOTOR,12000,196,1,8.33E-05,0.005076142,0.111111111,0.023786732
RING TEMBAGA 10MM,PT. EMPATI SUKSES BERKARYA,14000,196,1,7.14E-05,0.005076142,0.111111111,0.023780779
RING TEMBAGA 12MM,JAYA ABADI MOTOR,40000,116,1,2.50E-05,0.008547009,0.111111111,0.024798825
RING TEMBAGA 14MM,UD SINAR BAUT,4000,163,1,0.00025,0.006097561,0.111111111,0.024176491
ROCKER ARM DONG FENG,RIYA MOTOR,60000,92,1,1.67E-05,0.010752688,0.111111111,0.025456362
RODA GILA ASSY L300,PT. EMPATI SUKSES BERKARYA,1250000,106,1,8.00E-07,0.009345794,0.111111111,0.025026361
RODA GILA ASSY ORI LELANG L300,PT. EMPATI SUKSES BERKARYA,1400000,11,1,7.14E-07,0.083333333,0.111111111,0.047222579
SALIB GARDAN PS120,PT. EMPATI SUKSES BERKARYA,250000,108,1,4.00E-06,0.009174312,0.111111111,0.024976516
SARINGAN TANGKI BENSIN AVANZA,JAYA ABADI MOTOR,30000,106,2,3.33E-05,0.009345794,0.222222222,0.047264849
SARINGAN TANGKI BENSIN CALYA/SIGRA,JAYA ABADI MOTOR,55000,161,1,1.82E-05,0.00617284,0.111111111,0.024083165
SCRUB HEAD,BENGKEL WAWAN,200000,50,2,5.00E-06,0.019607843,0.222222222,0.050329297
SCRUB HEAD,SAM ENGINE WORK,200000,105,7,5.00E-06,0.009433962,0.777777778,0.158388244
"SEAL BULAN PANTHER 2,5",JAYA MUNCUL MOBIL,200000,81,1,5.00E-06,0.012195122,0.111111111,0.025883259
SEAL BUSI ERTIGA,PT. SAMEKARINDO INDAH,52000,193,1,1.92E-05,0.005154639,0.111111111,0.023778229
SEAL CRANKSHAF BELAKANG APV,PT. SAMEKARINDO INDAH,254000,166,1,3.94E-06,0.005988024,0.111111111,0.024020598
SEAL CRANKSHAFT BLKG L300,PT. EMPATI SUKSES BERKARYA,150000,117,3,6.67E-06,0.008474576,0.333333333,0.069212373
SEAL CRANKSHAFT BLKG PANTHER,PT. EMPATI SUKSES BERKARYA,75000,81,1,1.33E-05,0.012195122,0.111111111,0.025887425
SEAL CRANKSHAFT BLKNG GRAND MAX,JAYA ABADI MOTOR,120000,172,1,8.33E-06,0.005780347,0.111111111,0.023960493
SEAL CRANKSHAFT BLKNG TRAGA,JAYA ABADI MOTOR,135000,117,2,7.41E-06,0.008474576,0.222222222,0.046990521
SEAL CRANKSHAFT BLKNG TRAGA,JAYA RAYA MOBIL,60000,103,2,1.67E-05,0.009615385,0.222222222,0.047337393
SEAL CRANKSHAFT BLKNG TRAGA,MEGAH JAYA MOTOR,175000,80,1,5.71E-06,0.012345679,0.111111111,0.025928783
SEAL CRANKSHAFT BLKNG TRAGA,METRO MOTOR,175000,70,1,5.71E-06,0.014084507,0.111111111,0.026450431
SEAL CRANKSHAFT BLKNG TRAGA,PT. EMPATI SUKSES BERKARYA,175000,99,1,5.71E-06,0.01,0.111111111,0.025225079
SEAL CRANKSHAFT BLKNG XENIA 1.0,PT. EMPATI SUKSES BERKARYA,35000,154,1,2.86E-05,0.006451613,0.111111111,0.024171992
SEAL CRANKSHAFT DONG FENG,RIYA MOTOR,15000,94,1,6.67E-05,0.010526316,0.111111111,0.02541345
SEAL CRANKSHAFT DPN GRAND MAX,JAYA ABADI MOTOR,40000,142,1,2.50E-05,0.006993007,0.111111111,0.024332624
SEAL CRANKSHAFT DPN GRAND MAX,JAYA RAYA MOBIL,41000,93,1,2.44E-05,0.010638298,0.111111111,0.025425907
SEAL CRANKSHAFT DPN GRAND MAX,METRO MOTOR,65000,50,1,1.54E-05,0.019607843,0.111111111,0.028112267
SEAL CRANKSHAFT DPN JAZZ,MEGAH JAYA MOTOR,85000,106,1,1.18E-05,0.009345794,0.111111111,0.025031843
SEAL CRANKSHAFT DPN PANTHER,PT. EMPATI SUKSES BERKARYA,35000,81,1,2.86E-05,0.012195122,0.111111111,0.025895045
SEAL CRANKSHAFT DPN XENIA 1.0,76 MOTOR,70000,151,1,1.43E-05,0.006578947,0.111111111,0.024203049
SEAL CRANKSHAFT DPN XENIA 1.0,PT. EMPATI SUKSES BERKARYA,30000,154,1,3.33E-05,0.006451613,0.111111111,0.024174373
SEAL DEBU AVANZA,76 MOTOR,20000,182,1,5.00E-05,0.005464481,0.111111111,0.023886566
SEAL DEBU CANTER,JAYA ABADI MOTOR,20000,69,1,5.00E-05,0.014285714,0.111111111,0.026532937
SEAL DELCO NOUVA,ONLINE SHOP,85000,40,1,1.18E-05,0.024390244,0.111111111,0.029545178
SEAL DRIVE SHAFT XPANDER,JAYA RAYA MOBIL,60000,180,1,1.67E-05,0.005524862,0.111111111,0.023888014
SEAL GARDAN APV,PT. EMPATI SUKSES BERKARYA,55000,149,1,1.82E-05,0.006666667,0.111111111,0.024231313
SEAL GARDAN GRANDMAX,JAYA ABADI MOTOR,45000,140,1,2.22E-05,0.007092199,0.111111111,0.024360993
SEAL GARDAN GRANDMAX,PT. EMPATI SUKSES BERKARYA,35000,136,1,2.86E-05,0.00729927,0.111111111,0.024426289
SEAL GARDAN L300,76 MOTOR,85000,105,1,1.18E-05,0.009433962,0.111111111,0.025058293
SEAL GARDAN L300,JAYA ABADI MOTOR,75000,129,1,1.33E-05,0.007692308,0.111111111,0.024536581
SEAL GARDAN PS135,76 MOTOR,200000,79,1,5.00E-06,0.0125,0.111111111,0.025974722
SEAL GARDAN TRAGA,PT. EMPATI SUKSES BERKARYA,35000,78,2,2.86E-05,0.012658228,0.222222222,0.048256199
SEAL KALIPER KIT APV,76 MOTOR,65000,33,1,1.54E-05,0.029411765,0.111111111,0.031053444
SEAL KALIPER KIT APV,PT. EMPATI SUKSES BERKARYA,45000,23,1,2.22E-05,0.041666667,0.111111111,0.034733333
SEAL KALIPER KIT HILUX REVO,76 MOTOR,150000,37,1,6.67E-06,0.026315789,0.111111111,0.030120292
SEAL KALIPER KIT HILUX REVO,PT. EMPATI SUKSES BERKARYA,150000,37,1,6.67E-06,0.026315789,0.111111111,0.030120292
SEAL KALIPER KIT L300,76 MOTOR,85000,154,1,1.18E-05,0.006451613,0.111111111,0.024163588
SEAL KALIPER KIT L300,PT. EMPATI SUKSES BERKARYA,45000,109,2,2.22E-05,0.009090909,0.222222222,0.047182828
SEAL KIT P/STERING RUSH,ONLINE SHOP,300000,133,1,3.33E-06,0.007462687,0.111111111,0.024462695
SEAL KIT POWER STERING BAWAH TRITON,PT. EMPATI SUKSES BERKARYA,275000,88,1,3.64E-06,0.011235955,0.111111111,0.025594827
SEAL KLEP GRANDMAX,JAYA ABADI MOTOR,115000,142,1,8.70E-06,0.006993007,0.111111111,0.024324472
SEAL KLEP TARUNA,PT. EMPATI SUKSES BERKARYA,240000,187,1,4.17E-06,0.005319149,0.111111111,0.02382005
SEAL KLEP XENIA 1.0,PT. EMPATI SUKSES BERKARYA,180000,154,1,5.56E-06,0.006451613,0.111111111,0.024160484
SEAL NOKEN AS TARUNA,PT. EMPATI SUKSES BERKARYA,35000,187,1,2.86E-05,0.005319149,0.111111111,0.023832253
SEAL NOKEN AS XENIA 1.0,PT. EMPATI SUKSES BERKARYA,35000,154,1,2.86E-05,0.006451613,0.111111111,0.024171992
SEAL P/STEERING,ANDINDO SAMARINDA,55300,52,1,1.81E-05,0.018867925,0.111111111,0.027891641
SEAL P/STEERING L300,76 MOTOR,20000,56,1,5.00E-05,0.01754386,0.111111111,0.02751038
SEAL P/STEERING L300,PT. EMPATI SUKSES BERKARYA,35000,157,2,2.86E-05,0.006329114,0.222222222,0.046357464
SEAL PERSNELING GRANDMAX,PT. EMPATI SUKSES BERKARYA,25000,68,1,4.00E-05,0.014492754,0.111111111,0.026590048
SEAL RACK STEER BSR TRITON,ANDINDO SAMARINDA,60000,91,1,1.67E-05,0.010869565,0.111111111,0.025491425
SEAL RACK STEER KCL TRITON,ANDINDO SAMARINDA,34300,91,1,2.92E-05,0.010869565,0.111111111,0.025497669
SEAL RD BLKG AVANZA,PT. EMPATI SUKSES BERKARYA,75000,46,1,1.33E-05,0.021276596,0.111111111,0.028611868
SEAL RD BLKG DLM PS,JAYA ABADI MOTOR,45000,107,2,2.22E-05,0.009259259,0.222222222,0.047233333
SEAL RD BLKG DLM PS,PT. EMPATI SUKSES BERKARYA,25000,24,1,4.00E-05,0.04,0.111111111,0.034242222
SEAL RD BLKG DLM PS,SINAR MAJU,25000,144,1,4.00E-05,0.006896552,0.111111111,0.024311188
SEAL RD BLKG FUTURA,PT. EMPATI SUKSES BERKARYA,50000,25,1,2.00E-05,0.038461538,0.111111111,0.033770684
SEAL RD BLKG GRAND MAX,JAYA RAYA MOBIL,50000,142,1,2.00E-05,0.006993007,0.111111111,0.024330124
SEAL RD BLKG GRAND MAX,PT. EMPATI SUKSES BERKARYA,72500,113,1,1.38E-05,0.00877193,0.111111111,0.024860698
SEAL RD BLKG GRANDMAX ASLI,PT. EMPATI SUKSES BERKARYA,65000,9,1,1.54E-05,0.1,0.111111111,0.052229915
SEAL RD BLKG IN PS135,76 MOTOR,50000,69,2,2.00E-05,0.014285714,0.222222222,0.048740159
SEAL RD BLKG LUAR PS,JAYA ABADI MOTOR,70000,107,2,1.43E-05,0.009259259,0.222222222,0.047229365
SEAL RD BLKG LUAR PS,PT. EMPATI SUKSES BERKARYA,35000,24,1,2.86E-05,0.04,0.111111111,0.034236508
SEAL RD BLKG OUT PS135,76 MOTOR,35000,69,2,2.86E-05,0.014285714,0.222222222,0.048744444
SEAL RD BLKNG APV,PT. EMPATI SUKSES BERKARYA,70000,150,1,1.43E-05,0.006622517,0.111111111,0.02421612
SEAL RD DPN APV,PT. EMPATI SUKSES BERKARYA,50000,170,1,2.00E-05,0.005847953,0.111111111,0.023986608
SEAL RD DPN TRAGA,76 MOTOR,130000,70,1,7.69E-06,0.014084507,0.111111111,0.02645142
SEAL REM AVZ/XENIA,PT. EMPATI SUKSES BERKARYA,50000,176,1,2.00E-05,0.005649718,0.111111111,0.023927137
SEAL REM CANTER,JAYA ABADI MOTOR,115000,69,1,8.70E-06,0.014285714,0.111111111,0.026512284
SEAL REM MOBILIO,MEGAH JAYA MOTOR,50000,30,1,2.00E-05,0.032258065,0.111111111,0.031909642
SEAL TRANSMISI BLKG APV,PT. EMPATI SUKSES BERKARYA,25000,109,1,4.00E-05,0.009090909,0.111111111,0.024969495
SEAL TRANSMISI BLKG L300,JAYA MUNCUL MOBIL,150000,61,1,6.67E-06,0.016129032,0.111111111,0.027064265
SEAL TRANSMISI BLKNG GRANDMAX,JAYA RAYA MOBIL,40000,151,1,2.50E-05,0.006578947,0.111111111,0.024208406
SEAL TRANSMISI BLKNG GRANDMAX,METRO MOTOR,65000,50,1,1.54E-05,0.019607843,0.111111111,0.028112267
SEAL TRANSMISI PS,JAYA RAYA MOBIL,60000,142,1,1.67E-05,0.006993007,0.111111111,0.024328458
SEAL VTEC JAZZ,JAYA ABADI MOTOR,80000,122,1,1.25E-05,0.008130081,0.111111111,0.024667497
SEKERING TABUNG 10A,76 MOTOR,12500,134,1,8.00E-05,0.007407407,0.111111111,0.024484444
SEKERING TABUNG 15A,76 MOTOR,5000,134,1,0.0002,0.007407407,0.111111111,0.024544444
SEKERING TABUNG 20A,76 MOTOR,7500,134,1,0.000133333,0.007407407,0.111111111,0.024511111
SEKERING TUSUK KECIL 10A,PT. EMPATI SUKSES BERKARYA,10000,10,1,0.0001,0.090909091,0.111111111,0.049544949
SEKERING TUSUK KECIL 15A,PT. EMPATI SUKSES BERKARYA,10000,10,1,0.0001,0.090909091,0.111111111,0.049544949
SELANG ALTENATOR L300 ,JAYA ABADI MOTOR,35000,196,1,2.86E-05,0.005076142,0.111111111,0.023759351
SELANG ALTENATOR PANTHER,SUMBER MAS,125000,81,1,8.00E-06,0.012195122,0.111111111,0.025884759
SELANG BY PASS KCL,PT. EMPATI SUKSES BERKARYA,45000,203,1,2.22E-05,0.004901961,0.111111111,0.023703922
SELANG HEATER FREED,76 MOTOR,60000,105,1,1.67E-05,0.009433962,0.111111111,0.025060744
SELANG PVC XENIA,PT. EMPATI SUKSES BERKARYA,55000,150,1,1.82E-05,0.006622517,0.111111111,0.024218068
SELANG RADIATOR ATAS FREED,MEGAH JAYA MOTOR,200000,104,1,5.00E-06,0.00952381,0.111111111,0.025081865
SELANG RADIATOR ATAS PS120,PT. EMPATI SUKSES BERKARYA,55000,157,1,1.82E-05,0.006329114,0.111111111,0.024130047
SELANG RADIATOR LOW XENIA 1.0,PT. EMPATI SUKSES BERKARYA,70000,154,1,1.43E-05,0.006451613,0.111111111,0.024164849
SELANG RADIATOR UP XENIA 1.0,PT. EMPATI SUKSES BERKARYA,25000,154,1,4.00E-05,0.006451613,0.111111111,0.024177706
SELANG REM DPN UP PS,PT. EMPATI SUKSES BERKARYA,40000,17,1,2.50E-05,0.055555556,0.111111111,0.038901389
"SELANG SOLAR 10""",76 MOTOR,37500,173,1,2.67E-05,0.005747126,0.111111111,0.023959693
"SELANG SOLAR 10""",JAYA ABADI MOTOR,40000,109,2,2.50E-05,0.009090909,0.222222222,0.047184217
SELENOID FUTURA,76 MOTOR,225000,189,1,4.44E-06,0.005263158,0.111111111,0.023803392
SENSOR FILTER SOLAR L300,76 MOTOR,50000,182,1,2.00E-05,0.005464481,0.111111111,0.023871566
SENSOR OXYGEN XENIA 1.0,METRO MOTOR,350000,154,1,2.86E-06,0.006451613,0.111111111,0.024159135
SERVICE INJEKSI PUMP,TEPIAN DIESEL,200000,127,1,5.00E-06,0.0078125,0.111111111,0.024568472
SERVICE KABEL LAMPU,BENGKEL DINAMO NARI,50000,134,1,2.00E-05,0.007407407,0.111111111,0.024454444
SERVIS  NOZZELE L300,TEPIAN DIESEL,100000,165,1,1.00E-05,0.006024096,0.111111111,0.024034451
SERVIS AC,SENTOSA TEKNIK,430000,17,1,2.33E-06,0.055555556,0.111111111,0.038890052
SERVIS DINAMO,BENGKEL DINAMO NARI,50000,43,7,2.00E-05,0.022727273,0.777777778,0.162383737
SERVIS DINAMO ISI / ALTERNATOR,BENGKEL DINAMO NARI,500000,100,1,2.00E-06,0.00990099,0.111111111,0.025193519
SERVIS RADIATOR,LANGGENG TEKNIK,100000,27,6,1.00E-05,0.035714286,0.666666667,0.144052619
"SHELL HELIX ECO PLUS 5W-30 0,5LTR",PT SCORPIO MULTI PERSADA,354177,140,1,2.82E-06,0.007092199,0.111111111,0.024351294
SHELL HELIX ECO PLUS 5W-30 3LTR,PT SCORPIO MULTI PERSADA,727623,28,3,1.37E-06,0.034482759,0.333333333,0.077012181
SHELL HELIX HX6 10W-40 1L,PT SCORPIO MULTI PERSADA,928356,28,4,1.08E-06,0.034482759,0.444444444,0.099234255
SHELL HELIX HX6 10W-40 4L,JAYA ABADI MOTOR,300000,199,1,3.33E-06,0.005,0.111111111,0.023723889
SHELL HELIX HX6 10W-40 4L,PT SCORPIO MULTI PERSADA,2424488,28,9,4.12E-07,0.034482759,1,0.210345034
SHOCK BAGASI AGYA,PT. EMPATI SUKSES BERKARYA,285000,78,1,3.51E-06,0.012658228,0.111111111,0.026021445
SHOCK BAGASI GRANDMAX,PT. EMPATI SUKSES BERKARYA,250000,87,1,4.00E-06,0.011363636,0.111111111,0.025633313
SHOCK BAGASI MOBILIO,PT. EMPATI SUKSES BERKARYA,369000,78,1,2.71E-06,0.012658228,0.111111111,0.026021046
SHOCK BREAKER BLKNG-GRAND MAX,PT. EMPATI SUKSES BERKARYA,670000,131,1,1.49E-06,0.007575758,0.111111111,0.024495696
SHOCK BREAKER DEPAN APV SGP,PT. EMPATI SUKSES BERKARYA,1550000,162,1,6.45E-07,0.006134969,0.111111111,0.024063036
SHOCK BREAKER DPN GRAND MAX,JAYA ABADI MOTOR,1330000,161,1,7.52E-07,0.00617284,0.111111111,0.02407445
SHOCK BREAKER DPN GRAND MAX,PT. EMPATI SUKSES BERKARYA,700000,10,1,1.43E-06,0.090909091,0.111111111,0.049495664
SHOCK BREKER BELAKANG L300,PT. EMPATI SUKSES BERKARYA,608000,156,1,1.64E-06,0.006369427,0.111111111,0.024133873
SHOCKBREAKER BLKNG INNOVA,PT. EMPATI SUKSES BERKARYA,328000,109,1,3.05E-06,0.009090909,0.111111111,0.024951019
SIDE GEAR PS120,PT. EMPATI SUKSES BERKARYA,450000,108,1,2.22E-06,0.009174312,0.111111111,0.024975627
SNAP RING SET AC AVANZA,SENTOSA TEKNIK,40000,2,1,2.50E-05,0.333333333,0.111111111,0.122234722
SNAPRING KCL,ANDINDO SAMARINDA,4400,52,1,0.000227273,0.018867925,0.111111111,0.027996236
SOLAR,WARUNG DAENG,50000,78,4,2.00E-05,0.012658228,0.444444444,0.092696357
SPI CRANKSHAFT XENIA 1.0,PT. EMPATI SUKSES BERKARYA,35000,154,1,2.86E-05,0.006451613,0.111111111,0.024171992
SPOORING,PARKING32,120000,36,1,8.33E-06,0.027027027,0.111111111,0.030334497
STIK OLI DONG FENG,RIYA MOTOR,15000,94,1,6.67E-05,0.010526316,0.111111111,0.02541345
STOPER DEPAN LH L300,PT. EMPATI SUKSES BERKARYA,105000,67,2,9.52E-06,0.014705882,0.222222222,0.048860971
STOPER DEPAN RH L300,PT. EMPATI SUKSES BERKARYA,105000,67,1,9.52E-06,0.014705882,0.111111111,0.026638749
STOPER SHOCK BLKNG FREED,76 MOTOR,150000,170,1,6.67E-06,0.005847953,0.111111111,0.023979942
STOPPER BLKG CANTER,76 MOTOR,160000,64,1,6.25E-06,0.015384615,0.111111111,0.026840732
STOPPER BLKG CANTER,JAYA ABADI MOTOR,92000,72,1,1.09E-05,0.01369863,0.111111111,0.026337246
STOPPER BLKG LH L300,PT. EMPATI SUKSES BERKARYA,85000,67,1,1.18E-05,0.014705882,0.111111111,0.026639869
STOPPER BLKG RH L300,PT. EMPATI SUKSES BERKARYA,85000,67,1,1.18E-05,0.014705882,0.111111111,0.026639869
STOPPER BLKNG APV,PT. EMPATI SUKSES BERKARYA,60000,149,1,1.67E-05,0.006666667,0.111111111,0.024230556
STOPPER DPN ATAS PANTHER,PT. EMPATI SUKSES BERKARYA,45000,74,1,2.22E-05,0.013333333,0.111111111,0.026233333
STOPPER DPN CANTER,76 MOTOR,140000,84,1,7.14E-06,0.011764706,0.111111111,0.025755205
STOPPER DPN PS120,76 MOTOR,100000,157,1,1.00E-05,0.006329114,0.111111111,0.024125956
STOPPER SHOCK DPN CARRY,76 MOTOR,40000,162,1,2.50E-05,0.006134969,0.111111111,0.024075213
SUPPORT SHOCK AVANZA,METRO MOTOR,350000,35,1,2.86E-06,0.027777778,0.111111111,0.030556984
SWITCH MUNDUR COLT120 SS,76 MOTOR,60000,59,1,1.67E-05,0.016666667,0.111111111,0.027230556
SWITCH MUNDUR GRANDMAX,METRO MOTOR,350000,108,1,2.86E-06,0.009174312,0.111111111,0.024975944
SWITCH MUNDUR PS,PT. EMPATI SUKSES BERKARYA,65000,116,1,1.54E-05,0.008547009,0.111111111,0.024794017
SWITCH OLI L300,76 MOTOR,55000,100,1,1.82E-05,0.00990099,0.111111111,0.02520161
SWITCH REM L300,JAYA MUNCUL MOBIL,110000,83,1,9.09E-06,0.011904762,0.111111111,0.025798196
SWITCH REM TRAGA,JAYA ABADI MOTOR,50000,67,4,2.00E-05,0.014705882,0.444444444,0.093310654
SWITCH TEMPERATUR L300,METRO MOTOR,75000,3,1,1.33E-05,0.25,0.111111111,0.097228889
SWITCH TEMPRATUR CARRY/APV,76 MOTOR,150000,159,1,6.67E-06,0.00625,0.111111111,0.024100556
SWITCH TEMPRATURE TRITON,76 MOTOR,150000,161,1,6.67E-06,0.00617284,0.111111111,0.024077407
TABUNG P/STERING L300,JAYA ABADI MOTOR,125000,136,1,8.00E-06,0.00729927,0.111111111,0.024416003
TANGKAI WIPER BLKG XENIA,JAYA ABADI MOTOR,95000,88,1,1.05E-05,0.011235955,0.111111111,0.025598272
TANGKAI WIPER DPN AVANZA,PT. EMPATI SUKSES BERKARYA,150000,78,1,6.67E-06,0.012658228,0.111111111,0.026023024
TANGKAI WIPER L300,JAYA ABADI MOTOR,50000,101,1,2.00E-05,0.009803922,0.111111111,0.025173399
TANGKAI WIPER L300,PT. EMPATI SUKSES BERKARYA,35000,113,1,2.86E-05,0.00877193,0.111111111,0.024868087
TANGKAI WIPER PS,PT. EMPATI SUKSES BERKARYA,125000,24,1,8.00E-06,0.04,0.111111111,0.034226222
TENGKORAK GARDAN PS120,PT. EMPATI SUKSES BERKARYA,1200000,108,1,8.33E-07,0.009174312,0.111111111,0.024974932
TENSIONER AC APV,PT. SAMEKARINDO INDAH,455000,106,1,2.20E-06,0.009345794,0.111111111,0.025027059
THERMOSTAT APV (SGP),PT. EMPATI SUKSES BERKARYA,85000,162,1,1.18E-05,0.006134969,0.111111111,0.024068595
THERMOSTAT FREED,76 MOTOR,135000,107,1,7.41E-06,0.009259259,0.111111111,0.025003704
THERMOSTAT FUTURA HKT,JAYA ABADI MOTOR,105000,196,1,9.52E-06,0.005076142,0.111111111,0.023749827
THERMOSTAT GRAND MAX,JAYA ABADI MOTOR,115000,142,2,8.70E-06,0.006993007,0.222222222,0.046546694
THERMOSTAT GRAND MAX,PT. EMPATI SUKSES BERKARYA,75000,9,1,1.33E-05,0.1,0.111111111,0.052228889
THROTEL BODY GRANDMAX,JAYA RAYA MOBIL,1531000,138,1,6.53E-07,0.007194245,0.111111111,0.024380822
TIE ROD AVANZA LAMA,PT. EMPATI SUKSES BERKARYA,225000,77,1,4.44E-06,0.012820513,0.111111111,0.026070598
TIE ROD AVZ/XENIA G1,PT. EMPATI SUKSES BERKARYA,350000,112,2,2.86E-06,0.008849558,0.222222222,0.04710074
TIE ROD END GRAND MAX,PT. EMPATI SUKSES BERKARYA,325000,189,1,3.08E-06,0.005263158,0.111111111,0.023802708
TIE ROD END HILUX REVO (A),PT. EMPATI SUKSES BERKARYA,350000,199,1,2.86E-06,0.005,0.111111111,0.023723651
TIE ROD INNOVA,PT. EMPATI SUKSES BERKARYA,325000,175,1,3.08E-06,0.005681818,0.111111111,0.023928306
TIE ROD TRITON,JAYA ABADI MOTOR,285000,91,1,3.51E-06,0.010869565,0.111111111,0.025484846
TIMING BELT APV,PT. EMPATI SUKSES BERKARYA,190000,165,1,5.26E-06,0.006024096,0.111111111,0.024032083
TIMING BELT APV,PT. SAMEKARINDO INDAH,211000,166,1,4.74E-06,0.005988024,0.111111111,0.024020999
TIMING BELT PANJANG MD-300470 L300 (A),JAYA RAYA MOBIL,729000,59,2,1.37E-06,0.016666667,0.222222222,0.04944513
TIMING BELT PANJANG MD-300470 L300 (A),PT. EMPATI SUKSES BERKARYA,755000,67,1,1.32E-06,0.014705882,0.111111111,0.026634649
TIMING BELT PENDEK 1145A 081 L300 (A),JAYA RAYA MOBIL,405000,59,1,2.47E-06,0.016666667,0.111111111,0.027223457
TIMING BELT PENDEK 1145A 081 L300 (A),PT. EMPATI SUKSES BERKARYA,403000,136,1,2.48E-06,0.00729927,0.111111111,0.024413244
TIMING BELT XENIA 1.0,PT. EMPATI SUKSES BERKARYA,215000,154,1,4.65E-06,0.006451613,0.111111111,0.024160032
TRANSMISI MOUNTING GRAND MAX,PT. EMPATI SUKSES BERKARYA,250000,172,1,4.00E-06,0.005780347,0.111111111,0.023958326
TROMOL HAND REM PS,PT. EMPATI SUKSES BERKARYA,300000,63,1,3.33E-06,0.015625,0.111111111,0.026911389
TUSUK PER,JAYA ABADI MOTOR,15000,3,2,6.67E-05,0.25,0.222222222,0.119477778
TUSUK PER BLKG PS,JAYA ABADI MOTOR,80000,103,1,1.25E-05,0.009615385,0.111111111,0.025113088
TUSUK PER BLKG PS,PT. EMPATI SUKSES BERKARYA,10000,11,1,0.0001,0.083333333,0.111111111,0.047272222
TUTUP FILTER UDARA L300,76 MOTOR,205000,84,1,4.88E-06,0.011764706,0.111111111,0.025754073
TUTUP RADIATOR AVANZA,JAYA ABADI MOTOR,40000,140,1,2.50E-05,0.007092199,0.111111111,0.024362382
TUTUP RADIATOR AVANZA,JAYA RAYA MOBIL,40000,108,1,2.50E-05,0.009174312,0.111111111,0.024987016
TUTUP RADIATOR AVANZA,PT. EMPATI SUKSES BERKARYA,25000,150,1,4.00E-05,0.006622517,0.111111111,0.024228977
TUTUP RADIATOR CARRY,PT. EMPATI SUKSES BERKARYA,40000,162,1,2.50E-05,0.006134969,0.111111111,0.024075213
TUTUP RADIATOR L300,PT. EMPATI SUKSES BERKARYA,45000,10,1,2.22E-05,0.090909091,0.111111111,0.049506061
U-BOLT GRANDMAX,SUMBER BARU MOTOR,90000,129,1,1.11E-05,0.007692308,0.111111111,0.02453547
U-BOLT L300,JAYA ABADI MOTOR,50000,129,1,2.00E-05,0.007692308,0.111111111,0.024539915
U-BOLT PS,JAYA ABADI MOTOR,160000,103,1,6.25E-06,0.009615385,0.111111111,0.025109963
UPPER ARM L300,PT. EMPATI SUKSES BERKARYA,400000,40,3,2.50E-06,0.024390244,0.333333333,0.07398499
V-BELT 4PK 815 APV,PT. EMPATI SUKSES BERKARYA,116000,165,1,8.62E-06,0.006024096,0.111111111,0.024033761
V-BELT 4PK 815 APV,PT. SAMEKARINDO INDAH,65000,103,2,1.54E-05,0.009615385,0.222222222,0.047336752
V-BELT A42,76 MOTOR,55000,136,1,1.82E-05,0.00729927,0.111111111,0.024421094
V-BELT AC XOVER,METRO MOTOR,95000,34,1,1.05E-05,0.028571429,0.111111111,0.030798914
V-BELT P/STERING L300,76 MOTOR,55000,106,2,1.82E-05,0.009345794,0.222222222,0.047257274
VALVE PVC AVANZA,76 MOTOR,60000,155,1,1.67E-05,0.006410256,0.111111111,0.024153632
VALVE PVC AVANZA,PT. EMPATI SUKSES BERKARYA,45000,170,1,2.22E-05,0.005847953,0.111111111,0.023987719
VANBELT 4PK 1050 APV (A),PT. EMPATI SUKSES BERKARYA,90000,165,1,1.11E-05,0.006024096,0.111111111,0.024035007
VANBELT 4PK 1050 APV (A),PT. SAMEKARINDO INDAH,84000,103,2,1.19E-05,0.009615385,0.222222222,0.047335012
W/C BLKG CARRY,PT. EMPATI SUKSES BERKARYA,190000,25,1,5.26E-06,0.038461538,0.111111111,0.033763315
W/C BLKG GRAND MAX,76 MOTOR,280000,150,1,3.57E-06,0.006622517,0.111111111,0.024210763
W/C BLKG GRAND MAX,PT. EMPATI SUKSES BERKARYA,120000,56,3,8.33E-06,0.01754386,0.333333333,0.071933991
W/C BLKG PANTHER,PT. EMPATI SUKSES BERKARYA,250000,37,2,4.00E-06,0.026315789,0.222222222,0.052341181
W/CYLINDER BLKG INNOVA,PT. EMPATI SUKSES BERKARYA,220000,81,1,4.55E-06,0.012195122,0.111111111,0.025883032
W/CYLINDER BLKG LH L300,76 MOTOR,150000,114,1,6.67E-06,0.008695652,0.111111111,0.024834251
W/CYLINDER BLKG LH L300,PT. EMPATI SUKSES BERKARYA,125000,56,2,8.00E-06,0.01754386,0.222222222,0.049711602
W/CYLINDER BLKG PS ENGKEL,METRO MOTOR,200000,24,1,5.00E-06,0.04,0.111111111,0.034224722
W/CYLINDER BLKG RH L300,PT. EMPATI SUKSES BERKARYA,125000,56,2,8.00E-06,0.01754386,0.222222222,0.049711602
W/CYLINDER BLKNG KIRI SWIFT,76 MOTOR,165000,29,1,6.06E-06,0.033333333,0.111111111,0.032225253
W/CYLINDER BLKNG RUSH RH,JAYA ABADI MOTOR,125000,183,1,8.00E-06,0.005434783,0.111111111,0.023856657
W/CYLINDER BLKNG TRAGA LH,PT. EMPATI SUKSES BERKARYA,140000,54,1,7.14E-06,0.018181818,0.111111111,0.027680339
W/CYLINDER DPN PS ENGKEL,PT. EMPATI SUKSES BERKARYA,135000,24,1,7.41E-06,0.04,0.111111111,0.034225926
W/CYLINDER ESCUDO,76 MOTOR,130000,75,1,7.69E-06,0.013157895,0.111111111,0.026173437
W/CYLINDER MIRAGE,PT. EMPATI SUKSES BERKARYA,250000,113,1,4.00E-06,0.00877193,0.111111111,0.024855801
WASHER AIR WIPER KIJANG,76 MOTOR,60000,114,1,1.67E-05,0.008695652,0.111111111,0.024839251
WASHER PINION APV,76 MOTOR,70000,149,1,1.43E-05,0.006666667,0.111111111,0.024229365
WASHER PINION APV,PT. EMPATI SUKSES BERKARYA,30000,149,1,3.33E-05,0.006666667,0.111111111,0.024238889
WASHER PINION PS120,PT. EMPATI SUKSES BERKARYA,60000,108,1,1.67E-05,0.009174312,0.111111111,0.024982849
WASHER SIDE PS120,PT. EMPATI SUKSES BERKARYA,70000,108,1,1.43E-05,0.009174312,0.111111111,0.024981659
WATER PUMP GRAND MAX,PT. EMPATI SUKSES BERKARYA,315000,50,1,3.17E-06,0.019607843,0.111111111,0.028106162
WATER PUMP TARUNA,PT. EMPATI SUKSES BERKARYA,300000,52,1,3.33E-06,0.018867925,0.111111111,0.027884266
WATER PUMP XENIA 1.0,PT. EMPATI SUKSES BERKARYA,330000,154,1,3.03E-06,0.006451613,0.111111111,0.024159221
WHEEL CYLINDER APV,76 MOTOR,130000,147,1,7.69E-06,0.006756757,0.111111111,0.024253095
WHEEL CYLINDER APV,JAYA ABADI MOTOR,115000,65,1,8.70E-06,0.015151515,0.111111111,0.026772025
WIPER 15'',PT. EMPATI SUKSES BERKARYA,35000,24,1,2.86E-05,0.04,0.111111111,0.034236508
"WIPER 16""",76 MOTOR,95000,91,1,1.05E-05,0.010869565,0.111111111,0.025488355
"WIPER 16""",PT. EMPATI SUKSES BERKARYA,40000,24,1,2.50E-05,0.04,0.111111111,0.034234722
"WIPER 24""",76 MOTOR,110000,91,1,9.09E-06,0.010869565,0.111111111,0.025487637
WIPER LINK ASSY L300,76 MOTOR,250000,113,1,4.00E-06,0.00877193,0.111111111,0.024855801
WIPER LINK ASSY L300,PT. EMPATI SUKSES BERKARYA,140000,113,1,7.14E-06,0.00877193,0.111111111,0.024857373
